Encode,0,1,2,3,4,5,6,7,8,9,10,11,12,13,14,15,16,17,18,19,20,21,22,23,24,25,26,27,28,29,30,31,32,33,34,35,36,37,38,39,40,41,42,43,44,45,46,47,48,49,50,51,52,53,54,55,56,57,58,59,60,61,62,63
1,883,603,576,757,798,367,163,668,597,298,324,499,467,332,709,773,698,453,429,475,345,112,77,337,93,96,74,171,552,280,487,728,531,336,293,429,371,188,85,511,280,219,132,449,459,267,542,695,706,603,421,620,542,205,109,531,618,541,550,845,873,508,815,998
1,887,603,577,762,802,367,162,668,600,301,325,503,472,336,721,771,697,455,434,481,344,112,78,338,93,98,74,171,556,283,488,732,534,336,295,434,374,188,85,519,280,222,133,452,461,271,548,697,711,605,423,623,547,206,111,534,625,545,555,851,874,508,818,1002
1,871,596,570,745,789,358,159,665,588,294,319,493,461,326,709,756,686,447,418,472,334,112,75,331,91,97,72,166,545,276,479,715,530,331,289,422,368,187,84,505,276,219,132,440,453,262,532,682,696,597,417,612,534,197,108,516,617,534,541,829,864,491,799,977
1,885,604,577,758,802,366,162,670,599,298,325,504,471,333,719,772,696,453,432,482,346,112,77,336,93,96,74,171,556,283,489,726,531,337,295,435,372,188,84,515,281,221,132,450,462,270,546,696,712,605,422,620,544,206,111,532,624,544,553,849,872,507,815,1000
1,887,607,578,760,802,368,162,671,599,301,325,503,473,336,722,772,698,453,431,484,347,111,78,337,94,96,74,172,556,284,489,734,534,335,294,436,372,189,85,518,281,222,134,453,464,270,548,697,713,608,425,623,545,206,111,537,625,545,556,851,876,509,818,1003
1,887,605,576,757,803,366,162,671,598,300,325,502,470,336,718,771,697,455,431,482,344,112,76,337,93,97,74,171,556,283,491,732,532,337,295,433,373,187,85,518,281,222,133,452,462,271,548,694,709,605,423,623,545,205,112,536,624,544,555,850,873,508,816,998
1,886,608,578,758,803,368,162,669,600,300,325,504,472,336,722,774,698,453,433,484,347,112,77,337,93,96,73,171,555,284,490,731,534,335,295,436,373,188,85,517,281,222,133,452,462,270,547,698,712,606,423,626,545,206,109,537,626,545,557,850,878,507,818,1004
1,862,584,565,731,782,349,158,649,581,294,314,487,454,321,694,747,680,443,415,466,327,107,75,327,91,96,72,168,536,275,473,702,519,327,285,418,364,187,85,503,271,217,131,430,444,258,528,669,681,584,412,601,531,194,109,509,606,531,531,814,845,489,786,963
1,885,602,574,754,799,365,159,665,595,299,322,500,471,330,720,771,690,451,427,482,340,112,76,335,92,94,73,169,549,283,487,721,530,333,292,435,373,188,84,512,278,220,132,448,462,266,545,688,708,602,423,622,539,200,109,528,624,544,550,844,873,498,808,991
1,884,599,575,756,798,363,162,664,598,301,323,500,470,333,722,767,690,451,430,483,341,111,76,334,93,97,72,170,549,283,486,727,533,335,294,434,372,188,84,518,280,221,134,448,459,267,546,693,705,602,423,620,544,203,110,529,624,542,553,847,873,502,812,1003
1,833,567,549,715,746,340,146,625,568,276,297,466,446,300,680,732,648,412,394,452,318,107,65,311,84,91,63,149,512,265,443,687,510,310,271,407,339,174,77,479,259,204,122,406,426,243,500,643,668,568,393,583,504,184,98,498,584,498,509,792,832,470,759,924
1,886,603,576,760,801,366,162,665,600,300,324,502,471,336,721,771,696,452,432,483,345,112,78,336,93,98,73,171,553,283,487,728,534,336,295,434,373,188,85,515,280,220,133,451,460,270,547,696,709,602,423,622,545,206,110,535,625,543,554,850,873,506,816,1002
1,846,566,551,715,746,342,150,626,565,276,303,466,433,308,672,716,656,421,396,438,322,109,67,314,88,92,66,152,506,270,451,669,511,313,278,400,342,175,76,470,265,201,123,410,424,240,500,645,665,563,386,576,500,187,105,490,583,493,508,780,825,465,741,899
1,888,609,578,757,802,369,161,675,598,301,325,506,470,334,723,768,697,452,437,483,347,114,76,338,92,98,74,169,558,282,491,736,533,336,294,434,375,188,85,521,281,222,134,453,464,268,548,697,714,610,421,621,545,205,111,533,626,548,557,849,874,510,817,1002
1,886,607,578,759,802,368,162,670,600,301,325,504,472,335,721,774,699,452,431,484,347,112,77,337,93,97,74,171,558,284,489,732,534,336,295,435,372,188,85,519,281,221,133,452,464,270,547,695,712,607,426,624,545,206,111,537,626,545,555,849,875,510,817,1008
1,880,601,576,754,796,365,162,668,597,296,324,496,467,335,715,766,692,449,426,478,340,112,76,336,93,96,72,171,552,279,486,725,530,335,290,433,366,188,84,513,277,218,131,449,461,265,541,692,709,605,421,619,544,201,110,527,620,541,548,841,873,503,807,1000
1,886,601,572,751,799,361,160,660,591,298,321,498,467,331,714,767,693,450,425,479,338,108,77,332,92,95,74,170,546,280,482,719,529,332,289,431,372,188,85,509,277,219,130,443,460,264,542,683,701,597,422,617,539,199,109,527,621,542,543,838,864,500,806,982
1,876,600,571,744,791,362,159,663,593,297,322,494,461,331,704,757,693,448,427,470,337,110,77,333,92,95,73,169,544,279,481,723,531,332,290,424,370,188,85,504,278,219,133,445,451,261,538,688,693,595,418,615,540,199,108,526,614,536,546,831,864,502,802,979
1,887,609,577,757,803,371,161,672,599,300,326,503,470,334,722,766,699,454,434,480,347,112,76,337,93,95,74,169,554,283,490,734,533,337,295,434,373,186,84,517,282,220,133,452,465,268,545,695,712,609,423,621,545,204,111,533,625,543,555,848,873,509,815,1000
1,879,604,573,756,795,363,159,671,596,296,324,494,463,336,710,765,696,449,426,476,341,112,77,336,91,96,74,169,554,280,485,728,533,334,293,426,370,188,83,509,280,220,134,449,455,265,541,692,704,601,418,616,541,204,111,532,619,538,550,840,867,507,811,993
1,886,606,572,750,802,368,162,665,595,299,324,501,466,333,716,763,697,452,433,480,344,109,76,335,92,97,75,170,549,282,485,733,531,336,292,428,373,187,86,518,280,222,134,448,462,264,543,691,700,604,422,620,543,201,110,531,620,546,550,840,869,506,812,994
1,883,604,574,750,802,366,161,661,594,300,320,501,468,335,721,764,698,451,432,482,348,114,76,333,93,96,73,170,545,281,485,727,530,336,292,434,371,186,85,514,281,219,133,447,460,266,544,692,699,599,417,621,542,206,110,530,623,541,553,844,864,506,812,986
1,875,597,573,751,791,363,160,667,593,298,324,493,464,330,711,762,689,449,425,475,339,112,76,336,92,97,73,168,548,279,482,724,530,334,293,428,369,189,84,509,281,219,132,446,454,262,537,693,702,600,417,614,539,201,110,522,618,537,548,838,867,501,811,993
1,878,604,576,753,794,364,159,671,596,299,324,496,465,333,710,764,696,447,427,476,341,111,77,337,91,97,74,169,555,280,485,729,532,334,293,428,370,188,85,511,280,220,134,450,456,265,541,694,705,604,419,616,541,204,110,530,619,538,551,841,867,507,813,992
1,882,607,577,756,799,365,161,671,600,300,325,502,469,335,719,768,698,448,431,482,343,111,77,337,92,97,74,171,557,283,489,731,533,335,295,432,373,188,85,517,281,222,134,453,463,270,548,696,709,607,423,621,545,205,111,535,622,544,556,850,871,507,816,995
1,865,588,566,739,782,354,157,650,582,297,317,489,455,323,699,753,684,440,418,469,330,107,76,328,91,95,74,166,532,274,474,707,522,327,286,420,368,188,85,500,272,216,130,437,449,258,530,676,686,587,415,603,531,193,108,511,609,533,534,822,854,489,795,968
1,886,605,578,758,800,369,163,671,599,301,326,505,472,334,722,769,698,453,433,481,346,112,76,336,94,98,75,169,556,282,489,735,533,337,295,435,373,186,86,521,282,221,133,454,465,270,545,696,710,608,425,623,546,204,111,534,624,546,555,849,873,509,818,1000
1,888,607,578,758,804,367,162,669,600,299,324,502,469,334,720,774,699,453,432,483,346,111,74,337,93,95,74,171,554,285,489,731,533,335,295,435,373,186,85,517,280,222,133,449,460,270,542,695,711,607,420,621,544,205,112,536,625,545,553,845,877,508,816,1008
1,887,607,578,760,802,368,162,671,599,301,325,503,473,336,722,772,698,453,431,484,347,111,78,337,94,96,74,172,556,284,489,734,534,335,294,436,372,189,85,518,281,222,133,452,464,270,547,697,713,608,425,623,545,206,111,537,625,545,556,851,876,509,818,1003
1,885,603,576,761,800,367,162,666,599,298,324,501,469,335,716,775,698,450,430,481,344,112,77,338,93,97,73,171,555,283,487,724,533,336,295,432,371,188,85,512,281,220,132,448,462,270,543,695,709,606,421,621,544,205,110,534,622,541,552,850,872,505,818,999
1,887,605,577,758,802,367,162,668,598,299,325,502,470,336,721,772,697,451,431,484,346,114,78,337,93,97,74,171,554,281,489,730,533,336,295,435,372,190,85,514,281,221,132,451,463,269,546,697,710,606,421,622,543,205,110,535,626,544,554,851,873,508,818,998
1,886,605,577,760,802,367,162,666,601,302,324,502,471,336,722,771,697,452,433,484,346,112,78,336,93,98,73,171,555,284,488,730,535,336,295,434,373,188,85,518,280,221,134,452,460,270,548,697,710,604,424,622,545,206,110,537,626,543,556,851,875,507,817,1005
1,878,599,575,752,791,364,159,664,594,297,324,493,465,331,708,762,695,447,426,472,341,113,76,335,92,97,73,167,547,278,482,725,531,334,293,425,370,187,84,508,280,220,132,443,450,263,534,690,700,597,414,617,539,203,110,526,616,535,545,833,868,506,804,984
1,885,601,576,760,799,367,163,668,598,299,325,497,472,333,712,770,696,455,429,477,345,112,77,336,93,96,74,171,554,279,488,729,532,334,293,430,371,188,85,515,280,220,132,448,458,268,542,695,710,605,421,620,542,204,109,532,617,544,549,846,873,507,813,1001
1,876,601,566,741,789,360,158,657,582,293,310,491,462,326,717,754,688,447,417,474,344,110,76,326,92,94,72,168,536,277,477,714,526,323,286,431,363,185,85,500,275,216,132,439,455,260,531,685,695,592,408,612,529,202,107,522,617,529,547,833,857,497,800,978
1,887,607,577,760,802,368,162,671,599,301,325,502,473,336,722,772,698,453,431,484,347,111,78,337,94,96,74,172,556,284,489,733,533,335,294,436,372,189,85,518,281,222,133,452,464,270,547,697,713,608,425,623,545,206,111,537,625,545,556,850,876,509,817,1003
1,884,603,575,755,799,364,162,668,597,298,322,501,468,333,718,765,692,449,427,480,339,112,77,334,93,97,74,171,552,283,488,724,532,334,294,432,371,188,85,515,279,220,132,448,462,266,545,693,708,606,422,617,540,199,111,532,622,544,550,846,871,501,810,986
1,885,605,577,757,803,367,160,666,599,298,325,500,470,333,718,772,696,451,430,482,347,112,77,336,93,97,73,169,552,281,488,725,533,334,294,433,369,188,84,513,281,219,132,448,461,267,544,694,710,605,421,620,540,206,111,532,620,540,550,849,875,507,809,997
1,876,599,574,746,790,360,157,665,596,297,320,496,464,332,710,757,687,445,425,475,337,112,77,335,92,96,73,168,549,277,485,720,531,333,293,425,367,187,85,504,278,219,132,443,455,266,538,689,702,596,417,617,538,203,110,528,615,531,545,841,864,502,800,982
1,887,605,577,759,803,367,162,669,598,298,325,504,471,336,721,772,698,453,431,483,346,111,78,337,94,96,74,172,553,283,488,730,533,336,294,435,372,189,85,514,281,221,132,451,464,269,546,698,710,606,423,623,545,206,111,534,624,545,554,850,875,508,817,1002
1,885,603,577,759,800,365,162,670,598,297,326,503,471,336,719,769,697,452,430,480,342,112,77,337,93,97,74,170,555,282,487,730,533,335,295,433,373,186,85,515,282,220,132,449,460,271,544,694,709,607,422,622,545,206,110,534,622,545,550,845,875,507,812,995
1,877,599,573,754,792,363,160,668,594,295,326,497,465,333,709,763,694,447,427,473,338,112,77,337,92,97,74,169,551,279,485,727,532,334,293,426,370,186,85,509,281,220,132,447,453,266,539,692,700,602,419,616,541,204,110,528,617,538,548,836,869,505,808,987
1,886,603,578,754,799,367,163,670,597,301,325,504,472,332,720,766,694,453,431,480,342,112,75,335,94,98,74,168,555,282,488,731,532,336,294,433,373,186,85,521,280,221,133,453,464,268,545,694,709,607,424,622,544,201,111,530,623,545,554,845,871,505,814,992
1,875,597,570,750,796,358,158,657,591,293,317,500,464,329,718,760,682,450,427,477,340,111,76,329,91,96,72,168,543,277,484,718,527,328,288,432,366,184,84,512,274,219,131,444,458,268,542,689,704,594,417,613,537,202,108,524,618,539,546,846,864,496,807,986
1,886,605,578,758,800,369,163,671,599,301,326,505,472,334,722,769,698,453,433,481,346,112,76,336,94,98,75,169,556,282,489,735,533,337,295,435,373,186,86,521,282,221,133,454,465,270,545,696,710,608,425,623,546,204,111,534,624,546,555,849,873,509,818,1000
1,863,588,570,741,785,354,159,656,585,294,317,490,459,323,702,757,684,443,416,472,334,110,75,331,92,97,72,168,544,276,477,711,522,330,288,423,364,187,85,506,275,218,133,436,446,263,531,679,693,593,412,605,532,200,110,516,611,533,539,824,854,496,796,982
1,887,606,578,756,801,368,163,669,599,300,326,503,471,333,718,771,695,451,432,483,345,112,76,336,94,97,73,170,554,282,489,730,533,336,294,432,373,188,84,518,280,222,133,454,464,269,545,696,712,608,424,621,542,202,111,532,621,544,556,847,877,504,816,995
1,886,605,577,753,802,365,162,668,599,299,324,503,468,335,719,770,695,452,431,483,344,111,77,335,93,97,74,170,552,283,490,728,533,335,295,435,373,188,85,517,278,222,132,452,461,269,546,696,708,605,422,621,542,203,110,533,627,544,553,847,876,502,816,996
1,878,603,575,754,795,365,159,669,596,298,324,496,464,333,711,764,696,448,428,476,342,112,77,337,92,97,73,169,553,280,485,728,533,334,293,427,370,188,85,510,280,220,134,449,455,265,539,693,703,603,418,615,541,204,110,530,619,538,550,839,867,507,811,992
1,886,600,576,756,798,364,162,668,596,298,324,502,474,333,720,768,692,452,427,482,342,111,77,336,94,96,73,171,551,283,486,730,532,334,293,434,371,189,84,515,280,221,132,447,462,268,544,692,706,605,424,623,544,204,111,531,622,544,550,845,872,506,811,993
1,887,607,578,760,802,368,162,671,599,301,325,503,473,336,722,772,698,453,431,484,347,111,78,337,94,96,74,172,556,284,489,734,534,335,294,436,372,189,85,518,281,222,133,452,464,270,547,697,713,608,425,623,545,206,111,537,625,545,556,851,876,509,818,1003
1,887,602,576,756,799,366,160,669,596,297,322,500,471,332,720,768,691,453,423,480,340,112,76,336,92,97,74,169,555,282,486,723,532,334,294,433,371,187,84,515,279,220,132,446,460,267,542,688,711,604,422,621,538,201,112,527,625,543,548,841,872,498,809,995
1,887,607,578,760,802,368,162,671,599,301,325,503,473,336,722,772,698,453,431,484,347,111,78,337,94,96,74,172,556,284,489,734,534,335,294,436,372,189,85,518,281,222,133,452,464,270,547,697,713,608,425,623,545,206,111,537,625,545,556,851,876,509,818,1003
1,886,607,578,759,803,368,162,670,600,301,325,502,471,335,722,774,699,452,432,485,347,112,77,337,93,97,74,171,557,284,490,732,534,336,295,436,373,188,85,519,282,222,133,452,463,270,547,694,712,608,423,622,545,206,111,537,626,545,556,849,875,510,817,1008
1,888,604,576,761,802,366,162,668,597,298,326,503,473,336,721,774,698,452,432,483,345,113,78,336,95,97,73,170,554,283,488,729,533,335,295,435,373,188,85,515,281,221,132,451,461,270,546,697,710,606,421,625,546,206,110,535,624,545,554,850,875,508,817,1003
1,880,601,574,744,800,363,161,663,588,298,324,500,467,329,710,756,692,452,431,477,336,109,76,333,91,96,75,170,545,279,481,725,529,332,289,429,372,187,85,511,279,221,132,445,459,260,543,686,699,602,419,613,543,196,110,523,622,539,545,832,861,503,805,979
1,887,608,578,759,805,367,162,671,601,301,325,504,470,336,722,771,699,452,435,483,346,111,76,338,92,97,72,173,558,284,490,730,534,336,295,435,373,188,85,518,280,222,134,452,463,270,548,699,712,609,423,622,545,206,111,535,626,544,555,851,875,507,817,1005
1,887,605,577,759,804,366,162,669,599,300,325,503,470,337,720,773,697,452,434,483,346,112,77,336,93,96,73,172,555,282,490,732,532,337,292,435,368,188,85,519,279,220,132,455,464,270,546,698,712,608,424,623,548,206,110,535,624,544,556,848,879,510,814,1008
1,839,577,556,724,771,348,151,636,578,281,308,481,451,311,687,739,668,428,406,454,329,110,71,320,89,93,65,158,522,270,458,683,506,322,279,417,348,181,79,486,261,208,125,428,442,250,520,661,677,582,405,592,509,192,105,494,594,511,524,805,845,470,769,942
1,887,602,575,756,799,368,165,673,596,301,325,504,471,332,721,766,694,454,433,480,344,112,75,336,94,97,73,169,552,281,488,736,531,339,294,433,373,186,83,517,282,219,133,450,464,268,546,698,707,610,424,621,545,203,110,531,624,542,552,852,876,508,815,1000
1,887,601,575,760,800,362,160,667,597,298,326,501,471,336,720,778,696,450,432,483,343,112,76,337,92,96,74,168,551,284,490,728,532,332,292,438,372,188,84,515,280,222,133,452,462,269,545,695,708,606,423,625,545,207,110,534,624,543,554,850,877,507,816,1008
1,887,604,577,759,803,366,162,669,599,300,325,503,470,337,720,773,696,452,434,483,346,112,77,336,93,96,73,172,555,282,490,732,532,337,292,435,368,188,85,519,279,220,132,455,464,270,546,698,712,608,424,623,548,206,110,535,624,544,556,848,879,510,814,1008
1,863,585,564,736,787,354,153,642,578,283,313,489,453,323,703,744,673,440,417,469,335,109,71,321,88,93,68,163,528,275,468,695,518,323,285,420,359,179,78,493,271,215,127,423,444,257,527,668,690,591,397,596,521,197,108,511,607,520,529,821,851,481,777,931
1,853,584,557,740,773,357,152,653,582,284,308,484,463,316,708,754,667,433,406,472,330,110,72,324,90,91,67,158,538,269,465,700,518,323,286,422,356,180,80,483,269,205,127,443,446,258,530,682,696,594,408,611,520,191,103,512,607,519,541,830,863,481,792,983
1,881,601,574,761,796,365,162,670,598,295,326,500,469,335,715,771,697,449,429,478,341,112,77,337,92,97,74,170,555,279,487,728,532,335,294,430,371,186,85,512,281,220,132,449,460,270,543,694,708,607,422,621,544,205,109,531,619,543,550,846,874,507,813,997
1,885,602,577,756,801,366,159,668,598,299,323,504,470,335,720,770,695,451,431,482,345,112,77,336,93,96,73,170,554,282,489,726,531,336,295,432,372,188,85,512,280,221,132,448,462,269,544,696,709,604,421,624,542,205,111,535,622,541,552,850,873,506,813,997
1,886,604,573,757,800,366,163,666,597,299,319,502,467,337,722,763,697,452,431,481,343,113,77,337,95,98,74,171,551,283,487,728,531,337,293,434,373,186,85,514,280,220,133,447,463,269,547,693,706,601,420,617,545,205,113,532,623,541,554,852,865,506,814,991
1,886,605,578,758,801,368,162,668,599,301,325,501,469,336,718,772,698,454,432,481,346,112,77,337,93,97,74,171,556,282,489,732,534,335,293,435,372,188,85,519,281,223,134,451,462,269,547,696,711,605,423,622,544,205,111,536,623,543,555,850,874,508,818,1005
1,846,581,549,720,766,351,155,641,564,283,315,483,444,315,684,730,666,437,407,447,321,110,75,321,90,93,72,162,531,268,467,687,510,316,278,409,356,182,80,491,266,215,129,435,451,250,529,665,676,578,410,597,513,185,107,502,593,518,528,815,834,475,774,941
1,874,596,571,740,792,358,158,661,591,296,318,499,465,331,714,756,677,444,424,480,334,112,76,332,92,95,71,169,547,279,482,712,525,331,292,429,365,187,83,506,275,219,131,438,459,265,538,685,703,597,417,617,536,199,110,521,618,531,542,841,864,492,798,987
1,886,603,576,758,801,365,163,668,598,299,324,504,471,335,722,769,696,452,431,482,345,111,78,336,94,96,74,173,551,283,488,731,533,335,294,435,371,189,85,517,281,222,133,449,462,269,546,699,706,607,424,622,545,206,111,532,623,545,553,850,877,507,815,1003
1,878,600,571,745,792,360,158,663,591,296,321,492,459,331,704,755,693,447,424,471,334,109,77,331,91,96,74,168,546,279,479,720,530,331,288,422,370,188,85,505,277,219,131,442,452,261,536,682,694,594,417,611,539,195,109,524,614,536,542,828,858,500,801,972
1,857,574,560,729,763,347,152,632,573,282,306,476,442,312,688,731,664,430,403,451,324,108,71,319,88,95,66,158,516,277,459,682,515,317,281,409,352,178,78,485,269,206,125,417,435,250,515,654,682,572,393,585,509,190,106,500,592,509,517,805,839,468,758,914
1,879,604,576,757,796,366,162,670,598,300,325,498,471,336,719,767,696,450,428,479,343,111,78,337,94,96,74,172,555,282,488,732,533,334,293,435,371,189,85,516,280,222,134,453,463,267,545,696,708,606,424,622,543,204,111,534,622,543,555,848,872,507,816,995
1,878,597,572,748,790,361,160,664,593,296,321,490,462,328,708,763,691,448,422,473,337,113,76,334,92,96,74,168,547,278,481,717,530,331,292,425,370,187,85,507,278,220,133,439,449,262,532,685,695,598,414,614,537,201,109,519,614,537,541,830,864,499,801,984
1,886,604,577,759,803,366,162,670,599,299,324,503,471,334,722,774,695,454,432,482,344,112,77,337,93,97,74,171,556,283,490,728,533,336,294,436,373,187,85,516,280,221,132,451,463,271,546,696,713,606,422,623,544,206,111,534,626,544,554,851,875,507,816,1001
1,884,602,573,745,798,364,159,667,594,297,320,500,463,332,718,762,689,451,427,480,339,111,76,333,91,95,73,169,546,283,486,721,528,333,291,434,372,187,84,510,275,220,131,449,461,264,544,690,703,602,420,617,538,199,109,526,627,540,550,841,872,493,810,989
1,869,582,563,740,780,353,157,644,584,288,309,487,454,322,704,750,674,443,419,464,333,110,73,326,87,95,71,166,529,279,475,707,520,324,279,422,362,181,83,503,268,216,128,425,446,258,523,670,690,584,406,604,526,199,106,518,604,530,529,821,856,489,783,961
1,858,581,557,733,769,348,155,638,572,283,307,477,449,317,697,739,665,430,408,460,331,110,74,315,89,93,72,165,524,273,466,684,514,322,278,414,352,178,82,488,269,210,128,420,442,254,513,658,688,580,395,594,514,196,108,507,597,512,518,806,846,481,756,917
1,878,603,574,756,793,366,162,669,595,298,325,494,468,333,712,766,696,449,425,476,343,111,78,337,93,96,74,172,553,280,485,729,533,333,292,429,370,189,85,510,280,220,133,449,457,265,540,694,705,605,421,618,541,204,110,531,618,540,550,841,870,507,812,993
1,887,604,577,754,803,365,162,667,597,298,323,501,468,333,717,770,695,453,427,482,342,112,77,336,93,97,74,171,554,281,485,725,532,334,294,431,371,188,85,512,279,218,132,448,460,269,543,692,708,605,421,620,541,203,111,531,621,543,547,844,872,504,810,992
1,883,603,575,759,801,367,162,668,600,298,325,499,470,337,720,770,697,453,430,481,345,112,76,337,93,96,74,169,556,282,487,728,533,336,295,433,372,187,85,514,280,219,132,450,462,268,543,694,707,605,422,623,545,205,109,536,623,545,550,849,869,507,816,996
1,881,598,574,751,792,363,162,667,597,297,322,497,471,331,714,762,689,449,423,477,338,111,78,335,94,96,74,172,550,282,485,720,532,331,292,431,370,189,85,511,279,220,132,443,460,266,542,686,702,604,424,618,538,200,111,525,615,542,545,842,867,496,804,982
1,887,601,577,760,800,363,162,671,597,298,324,502,471,333,721,775,692,454,428,482,342,112,77,336,93,97,74,171,555,283,489,727,532,335,294,436,373,188,85,514,281,221,132,449,463,269,544,694,714,605,422,622,542,205,111,533,625,544,552,848,874,506,815,1003
1,887,602,577,759,801,363,162,672,597,299,325,501,470,330,719,775,692,454,429,481,342,112,77,336,93,97,74,171,556,281,490,729,532,336,294,433,373,188,85,516,281,221,132,450,463,268,545,696,714,606,423,621,539,205,111,532,623,545,553,850,875,508,816,1002
1,887,605,577,759,803,366,162,670,599,298,325,504,470,337,719,773,698,453,431,483,346,112,76,336,93,97,73,170,555,284,487,729,533,336,295,435,372,188,84,515,281,221,132,450,464,268,546,695,710,606,423,622,545,206,111,535,624,543,554,848,873,508,816,1006
1,881,602,575,753,796,365,162,667,596,297,323,498,468,332,711,766,694,450,427,476,341,111,78,336,93,96,74,171,552,280,485,723,532,334,292,428,369,189,85,509,279,220,132,447,457,266,540,693,704,603,421,620,540,202,110,528,617,539,548,840,871,503,809,987
1,887,605,577,759,804,366,162,669,599,298,325,503,470,337,720,773,697,452,433,483,346,112,77,336,93,96,73,172,555,282,489,730,532,337,292,435,368,188,85,516,279,219,131,454,464,270,545,697,712,607,423,623,548,206,110,535,624,544,554,847,877,510,813,1006
1,887,605,577,759,803,367,162,669,598,298,325,504,471,336,721,772,698,453,431,483,346,111,78,337,94,96,74,172,553,283,488,730,533,336,294,435,372,189,85,514,281,221,132,451,464,269,546,698,710,606,423,623,545,206,111,534,624,545,554,850,875,508,817,1002
1,877,600,574,749,792,363,158,667,597,297,318,499,467,331,713,761,689,447,424,478,337,110,76,335,90,96,72,168,552,279,483,716,530,334,292,427,370,187,83,507,277,219,132,441,456,265,539,687,702,599,422,616,539,200,109,522,617,535,546,839,866,495,804,984
1,881,601,575,754,795,362,160,666,594,298,322,495,468,332,711,765,692,447,424,478,336,110,77,336,91,97,73,170,553,278,486,722,530,335,290,426,371,187,84,511,278,219,132,449,457,265,542,691,708,600,420,616,539,201,110,527,618,539,550,840,866,503,808,989
1,885,605,577,758,802,367,162,672,599,299,325,503,471,335,721,771,697,454,432,483,346,112,77,337,93,96,73,171,556,284,488,731,532,337,295,435,372,188,84,516,281,221,132,451,461,270,546,697,711,606,422,622,547,206,110,534,625,544,555,849,874,508,817,1004
1,875,588,569,743,786,354,161,653,586,292,315,487,461,325,703,757,680,446,414,472,333,110,75,327,92,95,71,171,534,279,477,705,523,329,285,425,363,186,84,506,273,219,132,428,446,260,531,669,697,591,410,602,529,197,109,513,610,532,532,822,859,486,787,961
1,887,602,577,756,802,365,161,668,597,300,324,502,470,335,720,770,695,454,430,482,343,112,77,335,93,97,74,170,553,283,491,727,532,335,294,435,373,188,85,519,280,222,133,452,463,269,547,695,709,605,422,621,543,203,111,532,625,545,556,849,872,505,815,999
1,887,605,577,760,803,366,161,670,599,301,323,504,470,336,720,774,698,452,432,483,344,110,77,337,92,97,75,171,557,284,490,730,532,336,295,435,373,187,85,518,281,221,133,452,463,271,547,698,712,607,423,622,545,206,112,536,625,544,556,852,875,508,819,1004
1,884,601,574,751,796,365,160,667,595,297,323,496,471,330,708,768,690,448,426,479,337,112,75,337,89,95,72,170,553,279,483,722,528,333,291,427,370,187,83,510,279,219,132,446,459,261,541,688,709,605,421,621,541,198,108,523,614,539,548,838,872,500,807,995
1,883,602,577,756,799,363,160,670,599,298,324,499,468,329,713,772,692,451,427,477,340,112,77,335,92,97,74,169,555,280,487,723,533,334,293,429,371,188,85,513,280,220,132,449,458,268,542,691,709,604,423,619,537,202,110,528,617,542,550,841,875,502,809,990
1,877,604,575,755,793,365,159,670,596,298,323,495,465,331,709,767,695,447,426,475,341,110,77,337,91,97,75,169,556,280,484,727,532,334,293,427,370,186,85,509,281,219,132,447,455,266,539,691,707,601,418,615,539,205,111,531,618,536,548,840,865,509,811,993
1,873,594,570,745,789,356,158,663,588,296,318,490,460,328,706,756,684,445,420,471,330,109,74,331,90,96,73,166,543,275,479,712,528,329,288,423,365,188,84,505,274,216,131,441,455,258,533,684,697,596,415,610,536,194,109,515,615,534,537,831,859,494,799,980
1,877,604,575,755,793,365,159,670,596,298,323,495,465,331,711,767,695,447,426,476,341,110,77,337,91,97,75,169,556,280,484,727,532,334,293,427,370,186,85,509,281,219,132,448,455,267,538,692,707,601,418,616,540,205,111,531,618,536,549,840,866,509,811,993
1,877,604,575,755,793,365,159,670,596,297,323,496,465,331,710,767,695,447,426,476,341,110,77,337,91,96,75,169,556,280,484,727,532,334,293,426,370,186,84,509,280,219,132,449,455,267,539,692,707,601,418,616,540,205,111,531,618,537,550,840,866,509,811,993
1,877,603,576,754,794,363,159,671,596,297,323,496,464,334,710,766,694,447,426,476,339,110,77,337,91,97,75,169,557,281,484,726,532,334,292,428,370,186,85,509,280,219,133,450,455,266,538,695,707,603,418,616,540,205,111,531,619,537,551,840,868,506,813,994
1,886,607,578,760,802,367,161,671,599,300,324,502,469,334,718,773,699,452,431,483,345,110,77,337,91,97,75,171,559,283,489,730,533,336,294,431,373,187,85,516,281,221,133,453,461,271,547,698,713,606,423,620,545,206,111,537,623,543,556,851,874,509,818,1005
1,848,568,555,705,759,337,150,628,565,278,307,464,442,301,669,720,659,423,397,444,314,105,68,318,83,93,65,160,521,264,459,674,502,315,269,405,346,178,78,484,254,209,124,418,427,246,508,648,668,569,392,580,504,184,105,488,589,505,509,785,819,469,756,912
1,834,575,549,728,760,349,151,647,569,277,299,476,460,305,686,741,659,429,392,456,324,107,68,319,87,87,66,155,528,263,451,701,510,314,275,412,338,177,78,475,265,202,124,425,433,249,513,671,686,586,404,595,513,188,99,501,593,501,527,809,848,484,780,964
1,887,607,576,761,802,368,162,670,601,301,326,501,474,336,722,771,698,453,431,484,347,111,78,337,94,96,74,172,556,283,489,734,533,335,295,436,372,189,85,518,280,222,133,453,463,270,547,697,713,607,427,623,545,206,111,537,624,545,555,851,877,509,816,1003
1,886,610,578,757,804,369,161,676,595,299,327,506,471,333,723,769,699,454,433,484,347,112,76,337,91,97,75,170,556,281,490,739,531,337,294,434,373,187,85,519,284,222,133,453,464,270,547,696,714,609,422,621,546,205,111,534,627,546,557,848,874,512,817,1001
1,878,602,575,755,792,364,160,669,596,300,324,496,469,334,712,764,695,448,427,476,342,111,78,336,93,96,74,170,552,281,485,730,533,332,292,432,370,189,85,512,280,222,133,450,456,265,541,695,704,603,422,617,542,204,110,532,619,538,554,842,870,507,813,996
1,883,605,577,756,796,367,161,670,597,297,323,501,469,333,714,767,697,450,427,479,344,111,78,337,93,96,74,171,554,281,484,730,533,334,292,430,369,189,85,510,280,219,132,448,459,267,542,697,708,605,421,620,543,204,110,532,620,539,551,846,872,508,814,998
1,887,606,577,758,805,367,162,668,599,301,325,503,468,336,721,773,699,452,433,483,345,111,77,338,93,97,74,171,556,282,489,732,533,336,295,435,372,188,85,518,281,220,133,453,462,270,547,699,709,608,423,622,545,206,111,535,625,545,555,851,877,509,818,1004
1,898,606,568,749,797,361,161,666,593,300,324,494,459,341,712,755,698,448,429,474,341,112,77,333,93,96,74,170,548,284,486,732,530,332,291,430,370,188,84,516,279,222,133,446,461,258,546,691,696,598,425,614,541,202,111,535,618,540,549,845,866,506,807,979
1,887,609,578,758,803,368,162,672,600,298,326,505,469,336,721,771,700,453,433,483,346,112,78,337,92,96,76,171,556,284,488,733,533,336,295,435,374,187,85,517,281,222,134,455,463,269,548,698,712,607,423,621,546,207,110,535,626,547,555,847,875,509,819,1003
1,888,605,577,760,804,367,161,668,599,301,324,501,469,336,723,772,699,453,432,483,346,111,76,337,92,97,73,171,553,281,490,730,534,335,294,436,373,187,85,518,281,221,133,451,461,269,544,698,709,607,422,621,545,206,111,532,626,544,555,849,876,507,817,1001
1,887,606,577,756,802,367,162,669,599,299,325,503,468,336,721,772,697,452,432,484,346,111,77,336,93,97,74,170,552,283,490,732,533,336,295,437,373,188,85,517,280,222,132,452,462,269,546,698,709,606,422,621,544,205,110,535,628,544,554,850,877,506,819,1005
1,884,605,575,752,800,365,161,667,598,296,325,498,466,333,713,766,696,451,428,481,343,111,77,336,92,97,74,169,549,279,488,727,533,336,293,428,372,188,85,510,279,220,131,449,457,267,542,694,705,600,421,616,542,204,109,531,621,542,548,843,872,504,812,989
1,887,604,577,760,804,367,161,670,599,299,325,503,470,336,721,773,698,454,432,484,347,112,77,336,93,96,74,171,555,283,489,729,533,337,295,434,373,188,85,514,281,221,132,451,463,270,544,697,710,606,422,622,545,206,111,536,625,544,554,849,873,509,817,1001
1,885,603,573,756,801,365,161,669,595,297,322,502,471,335,719,767,693,453,428,480,341,112,75,336,92,96,73,169,554,283,488,723,530,333,294,433,373,188,83,512,277,221,131,448,461,267,547,692,709,606,421,622,540,201,111,531,625,542,550,848,872,499,810,994
1,878,599,574,749,792,363,159,667,594,297,322,494,464,331,709,761,691,448,424,475,337,112,76,338,91,97,74,168,549,279,485,725,531,334,292,425,370,188,85,509,279,219,132,447,452,264,538,689,700,599,417,615,539,201,110,525,617,539,548,834,866,502,806,982
1,886,605,576,759,804,365,162,671,598,301,325,503,471,337,722,771,697,456,433,481,346,112,77,335,92,97,74,171,555,282,491,732,532,335,296,436,373,188,84,519,282,221,133,453,463,270,548,697,711,606,422,625,544,206,111,535,626,545,556,851,876,507,817,1006
1,887,605,577,757,804,366,161,670,599,301,325,504,470,337,721,768,697,455,434,482,345,112,78,337,92,97,74,172,556,284,487,730,533,336,295,434,373,189,85,515,281,221,132,451,463,270,546,698,709,604,423,623,547,206,111,535,625,543,554,850,871,508,817,998
1,876,595,575,749,797,358,161,664,594,294,322,497,470,331,717,759,686,448,424,480,337,112,74,333,93,95,71,170,547,284,484,717,526,335,293,432,365,185,83,511,278,220,132,442,454,266,541,690,705,600,416,617,540,203,111,525,620,535,546,842,867,496,802,988
1,884,604,577,757,802,365,162,671,599,299,323,503,472,332,717,771,696,452,432,482,345,111,77,336,93,96,74,171,555,283,488,724,531,337,294,434,373,188,84,513,281,220,132,449,461,270,546,694,711,606,421,619,543,206,111,529,623,543,552,848,871,505,814,998
1,897,609,572,759,802,369,162,670,595,297,323,506,470,338,724,765,700,452,430,482,347,112,76,335,95,96,75,171,556,284,492,730,529,336,292,437,371,184,85,517,279,220,132,452,465,270,546,700,712,605,427,619,543,205,114,541,625,544,553,853,872,511,813,1004
1,884,606,577,758,799,368,162,668,599,297,324,502,471,334,715,773,697,453,429,480,346,112,77,337,92,96,73,171,554,281,489,726,534,334,293,431,373,188,85,511,280,221,132,449,460,268,545,697,710,604,422,625,542,205,108,534,621,544,553,847,876,506,815,1000
1,886,607,577,760,799,368,162,671,599,301,325,503,473,337,722,771,698,451,431,483,345,111,78,337,94,96,74,172,555,284,489,734,533,335,294,437,371,189,85,517,282,222,133,452,464,270,547,697,712,606,425,623,547,204,111,537,624,544,556,851,876,508,818,1004
1,878,603,575,754,794,364,160,670,596,298,324,495,464,334,711,763,696,448,427,476,342,111,77,336,92,97,74,169,553,281,483,729,533,334,293,427,370,187,85,510,280,219,133,449,454,266,539,692,703,602,418,615,541,205,110,531,619,538,549,838,867,506,811,992
1,887,607,578,759,802,368,162,671,599,301,325,503,470,336,722,772,698,453,431,483,347,111,77,336,93,96,74,171,556,284,489,733,534,335,294,435,372,188,85,518,281,222,134,453,463,270,548,697,712,608,423,622,545,206,111,537,625,545,556,851,875,509,818,1003
1,884,603,578,758,802,364,162,666,600,299,324,502,470,332,721,775,695,450,430,484,344,111,75,336,93,96,72,171,555,284,487,731,533,336,295,435,370,187,85,519,282,221,133,449,460,270,546,692,710,606,422,621,543,205,110,535,624,545,555,846,874,507,815,1007
1,886,605,578,758,800,369,163,671,599,301,326,505,472,334,722,769,698,453,433,481,346,112,76,336,94,98,75,169,556,282,488,735,533,337,295,435,373,186,86,521,282,221,133,454,465,270,545,697,710,608,425,623,546,204,111,533,624,546,555,849,874,508,819,1003
1,887,609,578,758,803,371,163,672,600,300,326,505,470,332,722,770,698,455,435,482,350,112,76,338,94,98,75,170,553,284,489,735,534,337,295,433,373,189,86,520,281,222,133,453,465,266,546,699,713,608,423,621,544,205,112,531,624,548,555,848,877,510,817,1006
1,882,604,575,749,794,365,162,667,597,298,324,499,462,330,706,763,695,447,430,473,340,111,76,336,92,98,75,170,552,279,485,727,533,334,293,424,372,187,86,514,278,223,132,448,457,265,541,690,702,604,420,615,539,200,110,527,618,541,547,835,870,502,809,991
1,882,609,572,760,793,371,162,673,598,299,323,499,466,335,715,764,698,450,430,475,347,115,76,339,94,98,76,168,554,282,488,738,535,336,293,430,371,187,86,516,281,221,135,452,462,264,545,696,709,604,424,615,542,204,112,534,621,541,555,848,871,511,816,998
1,888,610,577,759,802,370,162,675,597,299,326,506,471,334,723,769,698,453,435,482,347,111,76,338,92,97,75,170,559,282,488,736,536,334,293,434,374,187,85,519,282,223,133,452,464,267,545,700,712,612,423,622,545,205,111,533,626,546,556,848,875,511,819,1005
1,879,590,558,732,790,352,158,659,584,292,319,495,448,331,703,736,680,448,424,469,330,108,74,324,90,94,74,167,543,279,482,714,519,332,288,421,367,179,83,508,275,219,130,442,458,264,541,675,686,591,420,595,534,197,110,526,611,532,541,837,840,493,793,964
1,885,601,575,753,798,361,161,663,595,300,324,499,467,333,717,767,694,450,428,477,338,109,77,333,92,96,74,171,549,284,487,725,530,334,293,432,370,188,85,516,279,220,132,449,459,266,545,687,704,597,422,621,543,200,110,534,623,543,549,840,869,504,807,990
1,887,609,578,758,803,371,163,671,600,299,326,504,470,334,722,772,699,452,434,483,348,112,76,338,93,98,75,170,556,282,488,736,534,337,295,434,373,187,86,520,281,223,133,452,465,268,545,696,712,610,422,623,544,205,111,533,626,546,555,848,876,509,819,1009
1,877,596,569,746,790,357,159,661,590,297,320,491,459,329,701,760,689,448,422,469,333,109,77,332,91,96,74,169,544,278,479,716,529,330,289,423,370,188,85,504,276,219,131,440,451,260,534,682,693,592,418,611,535,198,109,521,613,535,540,827,861,497,801,972
1,886,605,578,758,800,369,163,671,599,301,326,505,472,334,721,769,698,453,433,481,346,112,76,336,94,98,75,169,556,282,489,735,533,337,295,434,373,186,86,521,281,221,133,454,465,270,545,697,710,608,425,623,546,204,111,534,624,546,555,849,874,509,818,1001
1,886,605,578,758,800,369,162,671,599,301,326,505,472,334,721,769,698,453,433,481,346,112,76,336,94,97,75,169,557,282,489,735,533,337,295,434,373,186,86,520,281,221,133,454,465,271,545,696,710,608,425,623,546,204,111,535,624,546,555,849,873,509,818,1000
1,878,597,570,752,795,362,161,666,592,292,320,496,468,329,716,766,688,452,424,478,341,112,74,330,90,95,73,169,546,282,479,723,526,332,292,433,370,183,84,508,278,220,132,439,454,263,537,684,704,602,415,617,538,200,108,526,622,538,545,834,870,498,805,995
1,879,599,574,753,794,363,158,666,597,298,323,499,468,332,713,763,693,447,427,477,341,112,77,336,92,96,73,169,550,279,487,724,531,336,294,426,370,188,85,508,280,220,132,446,457,267,541,692,703,599,421,619,539,204,110,531,617,537,549,843,867,504,808,987
1,886,607,578,760,803,368,162,670,600,301,325,503,471,334,721,776,699,452,432,485,347,112,77,337,93,96,74,171,557,284,489,733,534,336,295,434,373,188,85,519,281,222,133,452,463,270,547,695,712,608,424,623,545,206,110,537,625,546,556,849,876,510,818,1009
1,884,602,574,759,800,365,161,668,597,300,323,503,473,335,722,771,694,452,430,483,344,111,77,336,93,95,73,171,552,283,487,731,531,333,294,436,371,189,84,517,280,222,133,448,463,268,545,694,707,607,425,623,545,205,110,532,623,544,553,848,876,506,814,1001
1,887,605,577,757,804,366,162,669,599,298,324,503,470,336,719,773,698,453,430,484,345,113,78,336,94,96,75,171,555,284,489,728,533,337,295,435,372,189,85,515,281,221,133,451,463,270,546,695,709,605,422,622,545,205,111,536,624,546,554,849,871,507,818,1005
1,912,614,578,764,806,369,163,676,602,300,326,507,471,341,725,772,702,455,432,485,349,114,76,338,95,97,75,171,560,288,494,737,536,338,296,438,372,188,85,520,282,222,134,454,467,271,553,701,719,607,429,622,547,206,114,545,629,546,557,860,878,512,820,1010
1,887,607,578,760,804,367,162,672,600,301,325,503,470,333,722,775,696,454,432,483,346,112,77,337,93,97,74,171,558,284,491,732,534,336,295,435,373,188,85,519,281,222,134,453,463,270,548,697,715,608,424,622,542,206,111,537,626,545,556,851,878,509,817,1004
1,888,603,576,762,801,367,161,667,598,302,325,502,473,333,723,778,697,451,432,482,346,112,77,337,93,96,74,170,553,283,490,731,533,336,293,437,373,188,85,519,282,221,133,452,463,270,547,696,711,606,426,626,542,206,110,534,625,546,555,852,881,506,818,1006
1,886,609,578,758,805,368,162,672,599,300,325,504,470,336,722,769,699,454,432,484,346,110,77,338,93,97,73,171,557,284,491,733,534,336,295,434,373,188,85,519,281,222,133,452,463,269,547,697,712,608,423,621,545,206,110,536,626,546,557,849,874,508,817,1012
1,886,605,578,758,800,369,163,671,599,301,326,505,472,334,722,769,698,453,433,481,346,112,76,336,94,98,75,169,556,282,489,735,533,337,295,435,373,186,86,521,282,221,133,454,465,270,545,696,710,608,425,623,546,204,111,534,624,546,555,849,873,509,818,1000
1,887,606,577,758,803,368,161,670,600,300,324,503,470,336,721,772,698,453,432,484,346,112,76,339,92,97,74,170,554,283,491,734,533,337,295,434,373,188,85,518,281,221,133,452,461,270,547,697,710,606,423,623,545,206,111,535,625,546,556,850,878,508,817,1003
1,887,605,577,759,802,367,163,669,597,301,324,504,471,336,721,770,698,453,432,482,346,111,78,337,94,96,75,173,553,283,489,732,533,336,293,435,372,189,86,517,281,222,133,452,463,269,548,701,710,607,424,622,545,206,111,534,624,545,556,852,877,508,818,1004
1,879,603,576,754,797,365,160,669,597,298,325,495,466,333,710,765,696,451,427,476,343,112,77,336,91,97,74,170,552,280,487,729,532,335,293,428,372,188,85,512,280,220,134,452,456,266,542,695,705,603,420,616,540,204,110,531,620,540,552,843,868,508,813,995
1,877,602,575,755,793,365,160,668,596,298,324,495,465,331,710,768,696,447,426,477,342,112,77,337,92,96,74,169,553,280,484,728,533,334,293,426,370,188,85,510,280,220,134,450,455,265,540,692,703,603,419,616,541,204,109,530,618,539,551,839,868,508,812,998
1,878,603,575,754,793,365,159,670,596,297,324,495,464,333,711,763,695,449,426,475,342,112,77,336,92,97,74,168,552,280,486,728,533,333,293,426,370,188,85,510,280,220,133,450,455,264,538,694,703,602,418,615,540,203,110,530,618,538,550,839,867,507,810,992
1,886,606,578,759,801,368,162,670,600,299,325,504,471,333,720,774,699,452,430,484,347,112,77,337,92,97,74,170,558,282,488,729,534,336,295,433,373,188,84,515,282,220,133,452,463,270,546,695,711,607,425,622,544,206,110,535,624,544,554,848,873,510,817,1007
1,912,613,577,764,806,371,160,675,601,301,328,505,472,340,726,773,702,454,432,486,351,116,77,338,95,97,74,169,558,285,492,739,534,336,298,438,373,188,84,519,284,222,132,452,466,268,550,701,719,609,428,623,545,207,113,542,626,544,556,859,882,514,817,1008
1,887,606,578,760,804,366,162,672,600,301,325,503,470,332,723,776,695,454,432,483,346,112,77,336,93,97,74,171,558,284,491,731,534,336,295,436,373,188,85,519,282,222,133,452,463,270,547,697,715,608,424,622,541,206,111,537,626,545,556,851,879,509,817,1005
1,887,607,578,759,803,368,163,670,599,300,325,504,471,337,723,769,699,454,432,483,347,111,78,337,94,96,74,173,556,284,489,732,534,336,294,436,372,189,85,518,282,222,133,452,463,269,548,700,711,607,424,622,546,206,111,536,625,546,556,851,875,509,818,1005
1,874,596,569,753,792,358,158,660,592,289,314,494,466,326,711,766,689,446,417,475,340,109,70,332,85,94,70,165,546,281,479,718,527,329,288,427,361,184,80,504,276,215,128,439,453,261,537,683,702,597,415,614,535,200,106,528,617,532,546,835,862,499,804,986
1,839,553,544,718,742,344,144,610,558,272,299,472,437,309,679,726,650,409,393,448,318,107,68,312,83,90,65,149,509,262,445,681,504,312,276,402,346,167,74,474,264,201,121,414,424,244,508,647,658,568,390,580,494,190,101,501,586,497,515,790,826,469,756,909
1,887,606,578,756,802,368,161,668,599,301,324,502,470,335,721,770,697,451,431,484,346,114,78,336,92,96,74,170,556,281,489,732,534,335,295,434,372,189,84,517,281,222,133,450,462,269,545,696,710,607,422,622,543,204,109,537,626,543,554,850,874,507,818,993
1,888,601,573,753,798,363,163,666,592,299,321,497,468,334,718,766,693,452,426,481,341,111,77,335,91,97,74,172,552,281,485,725,530,333,290,430,372,188,85,515,277,219,130,447,458,268,545,690,706,603,420,618,543,203,109,528,621,545,547,842,869,503,807,986
1,823,560,543,699,732,330,147,608,552,271,297,457,425,298,658,704,646,404,392,432,317,105,63,307,83,89,65,150,508,263,441,652,495,306,273,397,336,171,75,468,259,206,119,397,411,240,493,636,660,552,370,562,486,186,103,483,577,484,498,770,799,456,740,876
1,885,606,577,757,801,367,163,671,598,299,327,506,472,333,721,770,698,450,434,483,347,111,75,336,94,98,75,170,553,284,489,734,532,336,295,435,373,188,87,521,282,222,133,454,465,266,546,700,710,610,424,621,544,204,112,532,623,550,555,847,876,509,819,1006
1,871,598,571,742,794,363,161,657,592,294,319,498,459,327,708,753,688,450,428,474,340,110,71,333,91,95,71,164,540,282,478,716,526,332,292,423,366,187,81,503,275,216,131,441,458,261,537,689,697,596,414,606,540,196,108,522,616,531,540,838,858,498,803,973
1,887,604,577,760,804,366,160,670,599,301,325,503,470,336,723,774,698,454,433,484,347,112,77,335,92,96,74,171,554,283,490,731,533,335,295,437,373,188,85,517,282,222,133,452,463,270,545,698,710,607,423,622,545,206,111,536,626,544,556,850,876,509,818,1004
1,912,611,574,762,803,365,163,672,597,301,324,503,467,340,721,771,701,453,432,481,345,113,77,336,94,97,75,171,556,286,490,736,534,335,293,434,373,188,85,519,280,222,133,449,463,267,552,697,712,604,426,622,546,205,112,541,625,545,552,856,879,510,815,1000
1,887,607,578,760,804,367,162,672,600,301,324,503,470,335,723,774,697,454,433,483,345,112,77,337,93,97,74,171,558,285,491,731,534,336,294,436,373,187,85,519,280,222,133,452,463,271,547,697,714,608,423,623,545,206,111,537,627,544,556,852,877,508,817,1002
1,839,555,546,708,731,338,145,615,553,270,298,465,433,299,672,714,646,408,392,435,318,107,65,310,82,88,68,152,503,264,440,668,501,311,269,401,340,169,78,465,260,205,123,406,421,236,501,634,661,555,381,570,491,186,100,481,586,488,505,772,812,459,737,895
1,876,598,572,747,793,362,160,663,593,296,320,496,462,329,711,761,690,449,422,475,335,112,75,335,91,96,73,168,546,279,482,714,530,331,291,426,369,188,84,506,277,217,132,443,456,264,539,687,695,600,421,615,539,197,109,520,616,537,543,838,867,494,802,983
1,887,605,576,759,803,367,162,670,599,299,326,504,470,336,720,772,697,454,434,482,346,112,77,336,93,97,74,171,554,283,491,731,533,336,295,435,372,188,85,517,281,223,133,451,461,270,546,700,710,607,423,622,546,205,111,536,625,543,555,851,878,509,816,1008
1,861,586,567,730,784,348,160,647,585,289,310,489,458,326,698,747,671,437,414,473,330,110,72,326,92,94,69,167,532,278,472,702,519,330,284,423,355,184,81,499,270,214,129,423,442,259,527,668,692,584,408,599,527,198,109,514,608,522,526,818,852,483,780,960
1,825,545,538,697,734,329,143,602,544,272,293,454,421,300,659,703,642,410,388,435,306,104,66,305,81,89,65,150,487,262,436,655,494,307,264,393,338,169,76,459,253,199,122,397,413,237,496,628,642,549,375,557,498,180,100,473,578,481,490,772,803,453,731,866
1,880,603,575,756,796,364,161,670,598,299,325,498,467,331,713,768,694,450,428,477,341,112,77,337,92,97,74,170,556,280,489,729,534,335,293,429,372,188,85,514,280,221,133,452,457,268,545,696,708,603,424,617,540,204,110,532,620,542,554,845,872,507,813,995
1,883,603,576,751,798,367,162,670,596,301,324,503,471,331,720,763,691,453,430,480,340,112,75,334,93,97,74,168,554,282,488,728,529,335,294,433,373,186,85,520,279,221,133,453,464,266,545,692,709,606,424,621,543,198,110,528,622,545,554,843,871,501,812,991
1,886,605,578,758,800,369,163,671,599,301,326,505,472,334,722,769,698,453,433,481,346,112,75,336,94,98,74,168,556,282,488,735,533,337,295,435,373,186,85,521,282,221,133,453,465,269,545,697,710,608,425,623,546,204,111,533,624,545,555,849,874,509,818,1001
1,885,603,576,759,801,365,163,669,599,298,324,503,471,335,720,771,696,452,431,483,345,112,76,336,94,97,73,170,552,282,488,730,534,335,295,435,372,188,84,516,280,222,133,446,460,269,542,694,706,607,422,620,546,206,111,531,625,543,551,845,874,508,813,1001
1,883,608,575,758,795,368,161,672,601,301,324,496,464,337,715,767,698,449,429,477,345,115,76,338,93,97,75,170,555,283,489,734,535,335,295,431,371,187,86,515,280,222,134,451,460,266,545,696,708,603,423,616,543,204,112,537,622,539,554,849,873,510,815,1000
1,886,604,576,759,801,366,163,669,599,301,324,503,471,335,720,772,697,453,433,483,346,112,77,336,94,97,74,171,553,282,489,732,534,336,295,435,373,188,85,519,281,223,134,448,460,270,544,696,707,607,423,621,546,206,111,532,625,544,554,848,876,508,816,1004
1,886,605,577,760,802,366,163,669,599,301,325,503,471,336,721,773,698,453,433,483,346,112,77,336,94,97,74,171,554,282,489,733,534,336,295,437,373,188,85,519,282,223,134,451,461,270,545,697,710,607,423,621,546,206,111,534,626,544,556,848,876,509,818,1004
1,886,605,576,759,802,367,163,668,599,298,324,503,469,335,719,774,698,453,432,481,346,112,77,337,93,96,74,171,553,282,488,730,532,337,295,434,372,188,85,513,281,220,132,451,463,269,545,697,710,604,421,623,545,206,109,534,624,544,554,850,874,508,819,999
1,887,603,573,753,801,363,160,661,596,300,323,500,469,332,717,772,694,451,429,479,340,110,77,335,92,95,74,170,549,282,486,723,531,333,292,434,373,188,85,512,278,219,131,448,461,267,545,688,703,598,425,624,540,201,109,530,623,544,547,843,872,500,810,985
1,886,603,575,755,803,363,162,664,599,296,322,503,472,335,721,766,694,451,428,484,345,112,75,334,93,97,72,170,549,283,484,725,532,335,294,436,368,187,84,513,281,221,131,443,460,268,543,691,705,602,423,621,543,206,111,531,623,539,550,846,872,504,809,987
1,836,548,540,703,736,333,143,604,554,268,293,462,430,304,668,711,646,411,389,441,311,105,66,303,83,88,63,149,490,266,437,663,497,309,269,400,340,168,74,464,262,202,120,397,421,237,499,629,649,550,381,569,500,181,100,485,575,487,501,777,804,460,739,890
1,887,605,577,759,804,367,162,669,599,298,325,502,470,337,719,773,697,452,432,483,346,112,77,337,93,96,73,172,555,281,489,730,532,337,292,434,367,188,85,516,279,218,131,452,463,270,543,695,712,607,423,622,547,206,110,534,623,544,551,845,877,510,811,1005
1,887,602,576,761,800,365,162,668,600,297,322,503,472,338,721,773,697,454,427,480,343,111,78,336,93,97,75,173,557,282,487,722,531,334,296,436,373,187,86,513,279,222,132,448,463,270,543,696,711,604,423,626,543,206,112,531,624,543,552,848,873,503,815,999
1,888,609,578,757,802,369,161,675,598,301,325,506,470,334,723,768,697,452,437,483,347,114,76,338,92,98,74,169,558,282,491,736,533,336,294,434,375,188,85,521,281,222,135,454,464,268,549,697,714,610,421,621,545,205,111,533,626,548,557,849,874,510,817,1002
1,886,603,575,749,799,364,161,664,595,297,323,500,467,333,713,764,694,451,428,481,341,109,77,334,91,96,74,170,548,281,486,722,531,333,293,429,373,188,85,510,277,220,130,449,458,267,544,692,703,600,420,617,541,201,108,529,623,542,547,841,868,500,810,987
1,882,607,575,756,792,368,161,673,601,298,324,498,463,337,713,764,698,449,427,476,345,115,77,337,94,97,75,169,554,283,490,735,535,335,295,431,370,187,85,516,280,222,134,451,460,265,546,697,707,602,423,615,543,204,112,537,622,539,554,849,871,512,814,998
1,887,608,578,759,805,368,162,671,600,301,325,504,469,336,719,773,699,454,434,483,347,112,77,337,93,98,74,171,557,283,490,733,534,336,295,434,374,188,86,518,281,222,133,451,463,270,547,697,712,608,423,621,544,206,111,537,625,545,554,851,876,509,818,1005
1,865,583,565,740,780,351,155,650,585,287,307,482,459,320,701,760,679,440,410,472,334,108,67,327,85,93,67,160,536,277,473,708,521,327,280,423,356,183,80,500,272,213,128,423,438,256,527,665,688,587,406,603,531,195,104,519,608,525,534,822,853,494,786,964
1,871,591,568,740,790,355,159,654,585,292,314,494,461,322,708,745,676,444,425,472,337,111,71,327,89,95,70,166,534,279,477,707,522,329,287,425,361,185,81,503,275,214,129,436,452,260,534,679,701,595,405,599,529,197,108,513,612,528,540,829,855,485,789,956
1,887,604,576,761,803,367,161,670,599,300,325,503,471,337,722,772,698,454,433,484,348,112,77,336,93,97,74,171,554,282,490,731,533,336,295,435,373,188,86,517,281,222,133,452,463,270,545,698,710,607,423,622,545,207,111,534,625,545,556,850,875,508,818,1003
1,886,605,576,759,804,365,162,671,598,301,325,503,471,337,721,771,697,456,433,481,346,112,77,335,92,97,74,171,555,282,491,732,532,335,296,435,373,188,84,519,281,221,133,453,463,270,548,697,711,606,422,625,544,206,111,535,626,545,556,851,876,507,817,1006
1,886,603,577,762,800,367,162,669,599,298,324,503,471,335,719,771,698,452,431,481,343,112,79,339,94,100,74,171,556,281,488,730,534,336,294,432,375,189,85,514,279,221,132,451,461,272,547,696,710,606,422,621,545,206,113,533,623,544,553,851,871,509,817,1002
1,888,607,576,758,801,368,162,673,596,300,326,504,473,334,722,766,695,453,434,479,345,113,76,339,92,97,75,171,555,281,490,740,533,337,294,435,371,189,85,520,283,222,135,453,464,269,547,697,713,607,422,623,544,204,112,534,627,546,556,849,874,510,819,998
1,888,605,575,759,803,367,161,667,597,302,325,502,472,332,721,776,696,451,433,482,345,112,77,337,93,96,74,170,553,283,490,732,533,336,292,435,373,188,85,519,281,221,133,452,462,270,547,695,710,606,426,625,541,205,110,535,624,546,554,850,881,506,816,997
1,887,607,578,760,802,368,162,671,599,301,325,503,473,336,722,772,698,453,431,484,346,111,78,337,94,96,74,172,556,284,489,734,534,335,294,436,372,189,85,518,281,222,133,452,464,270,547,697,713,608,425,623,546,205,111,537,625,545,556,851,876,509,818,1004
1,878,599,577,752,799,361,162,664,596,296,321,501,465,332,716,767,694,446,427,483,345,110,73,334,91,96,72,169,549,279,486,729,529,334,292,430,368,187,84,514,279,220,133,448,461,267,546,690,706,607,420,616,540,205,109,531,619,540,554,846,873,505,810,995
1,833,569,538,693,743,342,148,625,547,277,305,462,423,301,657,696,656,417,405,423,316,106,71,318,84,92,67,157,512,265,456,671,494,309,267,396,346,176,77,479,254,208,125,415,432,239,511,639,649,559,381,567,496,187,104,483,581,502,506,787,791,464,751,894
2,889,605,576,759,806,369,163,669,599,300,326,505,473,338,720,772,696,456,436,488,349,112,74,337,94,95,76,170,552,285,491,732,532,339,296,433,373,187,86,517,280,222,135,453,465,266,548,699,712,607,422,623,548,205,112,537,627,546,552,850,874,513,816,1009
2,889,605,576,759,806,369,163,670,599,300,326,505,473,338,720,772,696,456,436,488,349,112,74,337,94,95,76,170,552,285,491,733,532,339,296,433,373,187,86,517,280,222,135,453,465,266,548,699,712,608,422,623,548,205,112,537,627,546,552,850,875,513,816,1008
2,889,605,576,759,806,369,163,670,599,299,326,505,473,337,720,771,696,456,436,488,349,112,74,337,94,95,76,170,551,285,491,733,532,339,296,433,373,187,86,516,280,222,135,452,463,266,547,699,712,608,421,621,548,205,111,537,627,546,551,849,875,513,815,1008
2,851,577,551,731,763,353,150,641,580,280,301,485,462,313,702,750,661,426,403,469,330,108,63,320,86,84,66,150,526,269,456,704,514,318,286,416,346,174,78,477,262,204,124,432,442,248,520,675,684,586,405,611,522,187,95,515,607,506,531,816,856,490,781,975
2,889,605,576,759,806,369,163,670,599,300,326,505,473,338,720,772,696,456,436,489,350,112,74,337,94,95,76,170,551,285,491,733,532,339,296,433,373,187,86,517,280,222,135,453,465,266,548,699,712,608,422,622,548,206,112,536,627,546,552,850,874,513,816,1006
2,889,606,576,758,805,370,164,670,599,300,325,505,472,338,721,771,696,455,436,487,348,112,74,337,95,97,76,170,554,283,490,733,532,339,294,434,373,186,88,517,278,221,134,455,466,267,548,700,712,609,423,623,548,204,112,536,627,546,552,851,875,512,817,1008
2,889,605,576,759,806,369,163,670,599,300,326,505,473,338,720,772,696,456,436,488,349,112,74,337,94,95,76,170,552,285,491,733,532,339,296,433,373,187,86,517,280,222,135,453,465,266,548,699,712,608,422,623,548,205,112,537,627,546,552,850,875,513,816,1008
2,586,412,377,490,523,225,120,428,383,195,213,320,303,232,483,490,471,286,270,341,221,79,56,227,71,65,55,139,359,193,298,490,364,215,194,273,246,133,71,330,184,163,92,285,314,181,355,435,451,385,270,399,378,146,82,357,413,356,365,540,527,359,531,608
3,884,593,574,748,786,360,162,659,586,291,320,486,470,329,707,755,687,451,423,475,343,107,71,325,93,95,75,166,536,282,477,715,522,333,284,430,366,180,87,503,273,221,129,435,448,261,532,677,705,589,403,608,539,201,109,522,616,529,534,831,851,500,795,970
3,870,577,568,731,764,351,155,642,576,284,309,482,457,315,685,736,671,437,411,451,334,106,66,320,88,92,73,160,523,277,462,687,519,324,277,419,351,177,87,484,265,214,124,423,442,249,518,655,686,573,395,592,519,193,105,503,610,508,519,801,826,480,772,937
3,887,597,580,750,794,364,163,661,597,294,323,498,472,330,711,757,691,454,426,476,345,108,73,332,95,94,76,169,541,283,484,723,528,336,294,433,367,183,88,508,276,223,129,441,453,267,537,688,708,594,413,611,544,203,110,529,620,534,539,839,861,505,801,978
3,889,602,578,756,798,367,165,670,598,297,326,505,477,338,719,766,697,458,433,478,346,107,73,337,96,96,76,171,550,285,489,734,529,338,295,437,371,186,90,513,279,222,132,451,465,269,547,697,711,602,421,629,551,204,111,537,625,545,549,851,872,511,815,997
3,885,590,576,748,784,361,162,655,589,292,318,497,473,329,708,754,685,448,421,476,340,106,72,331,93,95,76,167,538,278,479,722,524,333,286,430,366,182,88,503,273,221,131,433,453,265,537,681,705,591,414,610,539,201,110,525,617,530,533,841,858,501,798,977
3,895,607,580,760,799,369,167,676,600,299,326,506,476,338,721,767,697,460,432,480,348,109,73,338,97,96,77,172,553,287,492,736,532,339,295,437,372,186,90,515,279,224,132,451,468,271,550,698,718,605,424,625,550,204,112,539,627,544,550,858,876,510,816,1003
3,895,607,580,760,799,369,166,676,600,297,327,508,476,338,721,768,695,460,434,480,348,107,73,337,97,96,77,171,554,288,492,736,532,338,295,437,371,184,90,516,279,224,132,451,469,271,550,698,719,605,423,626,551,205,112,541,627,544,550,858,875,512,816,1000
3,852,584,554,730,764,345,155,654,581,285,305,485,453,322,698,743,672,438,412,457,326,103,69,323,90,86,77,159,530,278,470,713,505,317,285,427,355,177,84,499,260,217,125,431,446,256,528,672,691,579,405,601,534,196,104,516,602,527,525,826,847,495,785,980
3,895,607,580,760,800,368,165,677,600,299,327,507,476,338,722,768,696,459,435,481,348,107,73,337,96,95,77,171,555,288,490,736,532,339,294,437,372,185,90,516,279,224,132,450,467,270,550,698,718,605,424,626,551,205,111,539,627,545,549,857,876,511,816,1005
3,863,591,568,736,782,355,156,665,587,289,315,493,459,327,712,750,683,450,417,467,332,105,71,328,93,88,75,161,538,282,477,721,515,327,287,431,359,178,86,503,264,220,128,442,454,261,532,682,697,591,412,614,544,199,104,523,616,529,535,832,861,500,791,989
3,893,608,579,759,800,369,166,676,601,299,326,506,476,339,721,768,696,460,435,481,348,109,73,338,96,96,78,171,556,288,492,734,532,338,295,438,372,186,90,515,279,224,132,451,468,270,550,698,718,605,423,626,552,204,112,541,627,544,550,858,873,512,816,1000
3,854,572,561,724,770,350,156,643,573,283,304,479,455,318,693,723,673,436,407,459,332,103,69,319,89,93,73,162,524,271,468,696,510,327,278,418,355,176,87,491,265,217,124,422,440,249,521,659,674,585,394,588,519,195,105,503,606,514,526,807,827,481,771,934
3,886,598,576,752,792,366,164,668,595,293,323,498,473,332,713,761,692,458,428,477,346,108,73,334,95,95,76,170,545,285,481,728,527,337,294,433,370,183,89,507,277,223,131,440,455,266,539,690,706,597,414,617,547,204,110,530,623,538,540,841,864,507,810,986
3,889,602,579,756,799,367,165,673,598,299,325,505,476,335,719,766,696,459,433,480,347,107,73,336,96,96,77,170,550,284,489,734,530,339,295,435,372,186,89,514,279,223,133,450,465,269,545,696,711,604,421,625,550,203,112,534,625,543,549,851,871,511,815,996
3,850,570,560,718,760,346,157,639,574,278,301,476,450,313,683,720,663,435,402,448,327,106,66,317,91,88,72,161,518,274,455,684,507,323,280,417,350,172,82,475,263,208,119,416,438,251,513,651,677,574,390,585,512,193,107,499,599,504,512,801,820,473,763,913
3,854,585,561,729,768,346,156,656,589,287,303,490,452,322,700,742,677,442,411,458,331,105,70,321,92,87,77,160,531,279,471,709,509,319,288,428,356,179,85,496,258,218,125,430,449,261,529,672,689,580,408,601,533,197,105,518,604,524,525,830,846,492,783,980
3,882,597,575,750,796,365,164,667,596,297,321,499,471,333,715,756,693,452,429,479,345,107,73,334,95,96,77,170,544,281,486,730,525,338,293,432,367,186,89,511,274,222,132,448,465,269,541,689,705,605,417,616,546,203,111,528,622,538,544,846,865,505,808,990
3,890,601,578,758,798,368,165,672,597,300,327,504,478,337,719,764,696,459,433,479,346,106,73,337,96,96,76,171,551,285,489,734,530,339,294,435,372,185,90,515,279,222,132,451,464,269,547,697,711,604,423,626,551,204,111,535,626,544,548,851,872,509,814,996
3,828,557,547,697,754,337,157,640,562,277,310,473,441,305,665,710,644,431,406,445,317,97,67,319,93,88,75,159,517,270,456,691,495,320,279,405,348,179,88,481,256,215,125,423,432,242,513,662,659,582,390,575,508,188,103,495,587,516,508,796,818,475,773,947
3,884,598,576,754,797,368,165,668,597,298,323,500,474,335,719,762,694,458,430,479,347,108,73,337,97,96,77,170,549,282,487,731,526,339,293,433,371,186,90,512,274,223,132,448,465,269,541,691,709,603,419,624,546,203,112,533,622,541,546,848,869,508,810,991
3,880,597,574,751,789,364,162,670,594,297,325,492,470,334,708,758,693,453,427,473,342,107,73,336,95,96,76,167,546,279,482,730,528,337,291,427,369,186,89,506,276,221,131,445,457,263,535,688,702,597,416,619,546,201,110,526,617,536,540,840,862,507,808,984
3,879,599,573,751,793,362,162,672,594,296,323,499,467,335,717,765,689,458,427,478,342,109,72,335,95,94,78,167,550,286,488,732,522,334,291,435,368,184,88,515,273,224,132,450,462,267,546,693,711,598,421,621,549,203,112,534,621,541,546,852,871,510,809,998
3,847,558,552,717,746,340,152,620,560,273,298,469,445,311,674,719,654,422,394,440,323,103,63,315,88,90,73,153,511,269,449,678,502,314,271,408,341,170,85,472,255,207,120,413,430,239,507,645,673,565,384,582,500,192,103,498,589,497,504,789,820,474,748,913
3,875,592,571,744,794,364,164,663,592,294,316,498,469,332,713,750,689,453,425,478,343,107,73,332,95,95,76,170,543,280,483,721,519,338,292,428,367,183,88,508,271,221,129,441,460,268,540,685,698,602,414,612,542,203,111,524,618,536,540,844,858,500,801,976
3,886,594,577,750,791,363,163,661,591,292,322,494,469,330,709,757,688,457,426,472,346,108,72,331,95,95,74,167,540,282,478,720,528,333,288,431,364,184,87,504,275,221,130,437,453,264,534,684,705,593,409,612,542,203,109,524,618,531,536,837,856,503,802,973
3,881,586,573,750,782,357,162,655,585,292,318,489,472,327,703,752,683,449,422,469,341,104,70,327,94,94,74,167,536,281,476,714,522,333,280,428,364,181,87,502,270,221,127,436,452,261,533,674,702,591,409,607,535,200,110,522,612,525,535,829,849,498,792,960
3,846,560,551,709,742,341,150,620,562,274,301,464,443,308,667,708,650,419,396,434,321,100,64,308,87,89,73,152,505,267,448,661,504,315,270,407,336,166,85,465,261,205,121,408,429,240,502,632,662,557,385,577,500,187,102,489,587,486,500,780,803,463,734,896
3,887,591,573,751,788,359,161,660,588,290,318,487,472,329,710,757,687,453,420,476,343,106,71,328,95,94,75,164,537,279,475,721,525,332,283,429,364,183,87,501,270,220,131,436,453,262,533,676,703,592,411,610,541,200,108,522,615,529,532,838,855,502,796,976
3,869,587,573,740,784,358,164,660,589,294,321,498,467,325,704,746,684,448,423,471,337,103,72,331,95,96,76,167,536,278,478,712,521,335,291,426,367,185,90,498,274,218,130,439,457,262,533,683,695,593,415,606,539,198,109,515,614,532,534,833,850,496,798,980
3,894,607,579,760,800,369,166,675,600,299,324,505,475,338,721,766,697,459,433,479,347,108,73,338,97,96,76,170,554,287,492,735,532,338,294,437,372,186,89,515,278,223,132,450,468,269,548,697,718,603,422,624,550,204,112,540,626,544,549,857,871,512,815,1000
3,873,596,571,746,784,359,158,669,592,292,319,496,464,330,717,759,686,453,421,472,339,109,72,333,93,90,77,163,546,285,483,725,520,325,290,435,363,183,87,507,267,223,130,448,459,266,540,691,707,595,417,618,546,202,107,531,617,535,542,849,868,505,802,995
3,879,589,572,747,786,360,163,653,587,289,319,490,472,325,705,757,684,450,423,473,342,106,73,326,95,94,76,168,534,280,476,714,521,333,284,429,364,181,88,499,269,222,132,437,450,265,532,680,705,592,406,609,538,200,109,524,615,526,534,832,857,501,796,976
3,841,570,556,706,754,342,150,639,568,281,303,474,447,309,694,721,662,432,394,454,322,104,67,317,89,82,73,152,515,266,455,700,494,315,281,418,344,175,81,477,254,205,126,430,435,255,514,662,674,565,397,591,521,192,100,502,595,509,515,811,831,482,767,951
3,857,580,563,724,788,352,160,647,585,291,307,487,454,323,705,730,675,442,416,471,333,101,71,323,91,93,74,167,533,275,470,706,511,333,287,423,358,177,87,501,267,215,124,430,456,260,528,665,681,591,408,594,525,199,108,511,609,526,530,823,833,485,785,945
3,879,599,574,751,795,362,162,672,597,298,323,498,466,335,717,765,691,458,428,478,343,109,72,335,95,94,77,167,551,286,488,731,523,336,292,434,368,185,88,516,272,224,131,450,462,267,546,692,710,598,422,621,549,203,111,533,621,541,545,852,871,509,808,998
3,868,577,569,729,773,350,157,638,576,280,310,479,461,317,697,733,674,434,414,463,334,103,66,316,89,92,73,159,518,276,462,690,514,325,273,422,355,172,86,486,261,216,126,421,442,254,518,660,683,583,391,590,523,195,105,503,608,511,518,815,828,480,773,923
3,882,598,574,753,793,366,165,671,597,296,327,498,474,336,715,758,693,456,430,474,342,107,73,338,96,96,76,170,550,282,485,731,528,338,294,433,370,186,90,509,278,221,132,448,462,266,542,694,705,602,420,623,549,202,110,530,622,542,543,847,864,506,812,988
3,885,592,578,750,791,362,164,659,591,292,322,497,471,331,709,753,688,454,426,471,345,109,72,327,95,95,75,168,537,280,478,718,525,336,289,431,365,183,86,503,276,220,129,438,457,264,538,686,705,593,410,611,538,201,111,523,618,531,535,842,857,499,801,967
3,879,599,573,751,795,362,162,671,594,296,324,499,466,334,717,767,690,458,428,478,340,107,72,335,95,94,77,167,550,287,488,731,522,336,291,434,368,183,88,516,273,224,131,450,462,267,546,693,710,597,421,622,551,202,111,534,621,541,546,852,871,511,809,999
3,825,551,540,686,739,331,154,632,549,270,303,460,437,296,658,698,634,421,397,436,309,91,63,315,88,87,73,155,507,266,453,677,488,311,262,401,345,171,84,470,248,212,121,418,425,237,499,653,652,572,381,568,495,185,102,487,576,504,502,783,804,469,755,933
3,889,599,579,755,797,366,164,670,596,298,326,503,476,334,719,764,693,458,432,480,345,106,73,335,95,95,76,169,547,283,487,734,529,338,294,435,370,184,88,515,279,223,132,447,464,268,539,693,712,602,418,623,551,203,110,531,625,540,546,846,868,510,812,994
3,855,580,560,721,772,348,154,651,584,284,305,486,447,325,698,733,673,442,413,457,329,107,69,323,92,86,74,159,525,277,469,702,507,323,284,429,355,174,85,487,261,215,127,428,450,254,521,667,681,579,401,596,529,199,103,513,606,516,525,818,836,488,777,963
3,837,566,550,694,772,343,157,630,564,284,296,469,442,308,687,696,658,432,405,453,325,101,68,314,89,90,71,165,514,263,458,682,494,324,274,410,350,174,84,488,257,210,124,423,443,247,517,649,658,579,388,580,499,191,106,485,590,511,523,798,805,463,760,909
3,880,591,573,744,793,359,163,665,591,294,323,496,471,329,708,753,687,451,429,472,340,106,71,333,95,95,75,167,541,282,483,725,520,335,289,432,368,185,88,509,272,222,132,442,458,264,539,685,701,602,413,613,539,202,111,524,616,539,538,840,861,500,803,983
3,841,562,548,713,773,349,158,643,564,279,300,478,459,317,690,723,651,437,405,467,326,104,69,315,92,88,71,163,526,261,459,688,493,329,275,414,345,175,82,483,260,206,127,433,443,252,526,668,680,595,393,595,515,187,105,493,596,511,526,815,838,470,771,945
3,881,585,574,745,783,357,161,654,585,292,319,486,470,327,698,752,686,448,421,471,341,104,72,324,93,95,75,165,532,279,472,716,522,334,280,426,365,181,87,499,272,218,130,435,446,260,536,673,698,588,408,603,538,200,108,519,613,526,530,829,849,499,793,964
3,833,559,546,684,762,340,157,627,562,278,295,461,437,306,675,687,646,430,395,450,321,101,66,309,88,90,70,161,509,259,452,669,487,323,274,408,345,172,82,477,258,207,124,414,435,245,512,638,656,573,382,567,495,187,104,478,583,501,513,791,796,452,747,891
3,889,602,579,755,799,368,164,673,599,299,325,505,476,337,720,766,695,459,432,481,346,108,73,337,96,96,75,171,552,284,488,735,530,338,295,437,371,185,90,515,279,223,131,449,467,268,545,696,711,605,423,626,551,204,111,534,625,543,550,851,871,511,816,997
3,886,592,575,750,789,361,165,659,591,291,323,489,469,330,704,755,689,454,425,472,346,108,73,328,96,96,77,169,537,280,480,719,525,335,286,430,366,183,89,503,273,223,131,441,451,265,537,682,704,592,409,604,539,203,111,525,615,531,535,835,855,503,797,971
3,889,602,579,755,798,368,165,671,598,297,327,502,475,335,718,765,696,459,432,479,347,108,73,336,96,96,77,170,548,283,488,733,529,339,295,435,372,185,89,513,279,224,133,448,462,268,541,695,711,602,418,624,549,203,112,532,624,542,546,847,871,510,812,994
3,889,602,578,756,799,368,165,672,596,298,327,505,476,336,719,764,696,459,433,480,347,108,73,337,97,96,77,170,550,283,489,734,529,339,294,434,372,186,90,514,278,225,133,451,465,269,545,697,711,604,421,625,550,203,112,533,625,543,549,851,871,509,815,996
3,895,608,581,759,800,369,165,677,603,299,327,506,476,339,721,768,696,460,436,481,349,109,73,338,96,96,77,171,554,287,492,735,533,338,296,438,372,187,90,515,279,224,131,451,468,270,550,698,719,605,422,626,552,204,112,538,627,545,550,858,875,510,817,1002
3,889,600,579,754,797,367,165,672,596,298,325,505,478,336,719,764,693,458,432,481,344,108,73,337,96,96,76,171,549,284,489,734,529,339,294,436,372,185,89,514,279,223,133,450,465,269,546,697,711,604,420,626,551,203,112,533,626,543,549,851,869,510,815,996
3,895,607,581,760,798,369,166,676,602,300,327,505,479,339,721,767,695,460,433,482,348,109,73,337,97,96,77,171,555,288,492,735,533,338,296,438,371,186,90,517,279,224,132,451,467,270,549,698,720,604,424,626,553,203,112,540,627,544,550,857,874,511,816,1002
3,888,601,575,755,798,368,165,671,597,298,326,500,474,336,718,765,694,459,433,480,346,108,73,338,96,96,76,170,549,284,490,731,529,338,293,435,372,186,90,513,276,223,131,447,465,269,543,690,708,603,420,623,550,204,111,533,624,544,545,850,868,508,813,992
3,895,607,580,760,800,369,166,675,602,299,326,506,476,339,721,768,697,460,434,481,348,107,73,338,97,96,77,171,554,288,492,733,532,338,296,438,372,185,90,516,278,224,131,451,468,270,550,698,718,605,423,625,552,205,112,538,627,544,550,858,874,510,816,1004
3,895,607,580,760,799,369,166,676,600,299,327,506,477,339,721,767,696,460,434,481,348,107,73,338,97,96,77,171,554,288,492,736,532,339,295,437,372,185,90,516,279,224,132,451,468,270,550,698,719,604,423,626,552,205,112,540,627,544,550,858,874,512,816,1000
3,895,606,580,761,799,369,167,676,600,299,326,506,477,339,720,767,697,460,433,480,348,109,73,338,97,96,78,171,554,287,492,736,532,340,295,436,372,186,90,515,279,224,132,451,468,270,550,698,718,605,423,626,551,204,112,540,627,544,549,858,874,512,816,1000
3,895,606,580,761,799,369,167,676,600,299,326,506,477,339,720,767,697,460,433,480,348,109,73,338,97,96,79,171,554,287,492,736,532,340,295,436,372,186,90,515,279,224,133,451,468,270,550,698,718,605,423,626,551,204,113,540,627,544,549,858,874,512,816,1000
3,867,590,565,745,777,356,159,662,585,289,315,491,461,328,709,754,680,449,417,467,333,107,71,333,93,90,78,163,540,283,479,721,516,325,287,428,361,181,87,505,265,223,129,441,454,261,537,685,704,590,411,612,542,200,107,524,613,532,535,842,861,502,797,986
3,895,607,580,761,800,369,166,675,600,299,327,504,476,340,721,768,697,459,433,481,348,109,73,338,97,96,77,171,554,288,492,736,532,339,295,437,370,186,90,516,279,224,132,451,468,269,550,698,719,605,422,626,552,204,112,541,627,543,550,859,875,512,816,1000
3,851,580,555,725,770,347,156,648,576,283,301,482,446,323,700,728,672,443,409,455,324,104,69,323,92,86,76,160,523,277,466,702,504,320,282,424,355,173,85,490,260,217,126,422,447,252,523,666,684,577,395,593,531,196,104,508,602,517,522,823,833,487,776,954
3,894,607,580,758,800,369,165,676,601,299,327,506,476,339,721,768,696,460,435,481,348,109,73,338,96,96,77,171,555,287,492,734,532,338,295,438,372,186,90,515,279,224,132,451,467,270,550,699,717,605,423,627,552,204,112,539,627,544,550,858,875,511,816,1001
3,895,606,580,760,799,369,165,674,601,299,326,505,478,338,721,770,696,461,433,480,347,110,73,339,96,96,77,171,554,288,491,736,532,337,293,440,371,186,90,516,278,224,132,451,467,270,550,698,718,603,425,627,553,204,112,540,627,544,550,858,875,513,817,1001
3,859,587,557,736,764,349,156,656,583,288,309,488,461,322,701,750,673,441,415,463,332,103,70,326,92,89,77,161,532,279,475,718,510,316,287,428,359,180,86,505,261,221,127,436,448,259,534,679,697,581,409,607,537,199,107,518,604,532,532,835,852,501,793,982
3,841,565,554,703,764,343,152,631,562,280,303,473,445,306,682,712,654,428,403,453,320,103,65,317,88,87,73,158,511,268,458,688,501,317,272,416,350,176,83,483,260,211,127,426,435,247,522,658,668,579,391,576,503,186,106,494,593,515,522,803,824,467,772,933
3,892,607,578,759,800,368,166,675,600,299,323,504,474,338,721,766,695,459,433,480,347,109,73,338,97,96,76,170,554,287,492,736,532,338,294,437,371,186,89,515,278,223,132,449,468,269,548,695,718,604,421,623,550,204,112,540,626,543,549,856,871,512,815,1000
3,895,607,579,761,800,369,166,676,600,298,326,506,476,339,721,768,697,460,433,479,348,109,73,338,97,96,77,171,554,286,492,737,532,339,295,437,372,186,90,514,279,224,132,451,468,270,550,698,718,605,423,627,549,204,112,541,627,544,550,858,876,512,816,1000
3,894,607,580,759,800,368,166,677,601,299,327,506,476,339,721,767,696,460,435,481,348,109,72,338,97,95,77,171,554,287,493,736,531,339,295,438,372,186,90,515,279,224,132,451,468,270,550,698,719,605,423,625,552,204,112,540,626,545,550,858,875,512,815,1001
3,895,607,580,760,800,369,165,676,600,299,327,505,476,339,722,767,697,460,432,481,348,109,73,338,97,96,76,171,555,288,492,736,532,338,296,438,371,186,90,516,279,224,132,451,467,270,550,698,718,605,423,625,551,204,112,541,628,544,551,858,874,511,817,1000
3,895,607,580,759,800,369,166,676,600,299,327,506,476,338,721,769,697,460,434,481,348,109,73,338,97,96,77,171,555,285,491,736,531,339,295,438,372,186,90,514,279,223,132,452,468,270,550,698,718,605,423,626,552,204,112,539,627,544,550,857,874,514,816,1002
3,844,575,551,720,754,340,152,644,570,280,303,478,442,319,682,733,664,430,405,450,326,104,68,316,91,86,75,157,521,266,461,704,500,312,281,419,349,173,85,484,257,214,126,426,435,254,517,666,682,572,392,586,520,197,104,509,594,511,519,811,834,491,775,963
3,895,607,580,760,800,369,165,676,600,299,327,505,476,339,722,767,697,460,433,481,348,107,73,338,97,96,77,170,555,289,492,736,532,339,295,437,371,186,90,516,279,224,132,451,467,270,550,698,718,604,423,626,552,204,112,542,627,544,550,859,874,512,816,1000
3,894,607,580,758,800,369,166,677,601,299,327,506,475,339,721,767,695,460,435,481,348,109,73,338,97,96,77,171,555,287,492,736,531,340,295,438,372,186,90,515,279,224,132,451,468,270,550,698,718,605,423,625,551,204,112,540,627,544,550,858,874,512,816,999
3,895,607,580,759,800,369,166,676,600,299,326,507,476,339,721,766,696,459,434,482,348,109,73,338,97,96,78,171,554,287,492,736,532,339,295,437,372,186,90,515,279,224,133,451,468,270,550,699,718,606,423,624,551,204,113,540,627,544,550,858,874,512,816,1000
3,895,606,580,760,800,368,166,675,601,300,327,505,475,340,721,769,697,460,434,481,349,108,73,338,97,96,77,171,554,286,492,736,531,339,295,438,372,187,90,515,278,224,132,451,470,269,549,697,718,604,424,626,551,205,112,540,627,544,549,858,874,513,816,1001
3,872,585,570,738,788,356,161,660,588,295,314,492,465,326,709,750,684,449,421,472,338,106,70,328,91,93,75,169,541,280,480,710,512,333,287,429,366,183,88,506,268,220,131,437,456,261,539,677,696,596,411,610,534,200,110,517,613,535,535,835,854,493,791,971
3,893,606,582,759,799,368,166,676,600,300,327,506,476,340,721,767,696,460,433,481,347,107,73,338,97,96,77,171,554,288,492,736,532,339,295,437,372,186,90,515,279,223,132,452,469,269,550,699,719,604,423,627,552,204,112,541,627,544,550,858,875,512,816,1001
3,878,604,571,756,792,365,166,668,594,297,322,500,471,337,717,765,692,451,432,478,344,108,72,336,96,96,76,170,548,285,487,730,528,336,291,435,370,184,88,509,278,221,128,444,467,268,539,690,711,600,419,620,547,203,112,537,622,537,545,850,865,509,812,993
3,872,594,566,748,786,359,161,664,587,292,320,494,464,333,710,762,682,451,425,475,335,107,71,335,94,94,77,166,545,283,483,728,518,331,288,430,366,181,88,513,271,224,130,443,457,262,542,687,707,594,414,616,546,200,111,527,616,538,540,845,864,508,805,991
3,895,607,579,761,800,369,166,676,599,300,327,505,477,339,721,767,698,460,433,481,348,108,73,338,97,96,77,171,554,288,492,736,531,339,295,437,372,186,90,516,279,224,132,451,468,269,550,698,718,605,424,625,552,204,112,540,627,544,550,858,874,512,816,1000
3,894,607,580,760,800,369,165,676,601,298,327,507,476,339,721,769,695,460,435,481,347,109,73,338,96,96,77,171,556,287,491,734,532,338,295,438,372,186,90,514,279,224,132,450,468,270,548,699,719,605,423,626,552,203,112,540,627,544,549,857,874,512,817,1003
3,894,607,580,760,800,368,166,676,599,299,327,506,476,340,721,767,697,460,433,481,347,109,73,338,97,96,78,171,553,287,492,736,532,338,295,438,372,186,90,515,280,224,133,451,468,270,550,698,718,605,423,625,552,204,113,539,627,544,550,858,875,511,816,1002
3,844,574,551,721,755,340,153,646,577,280,300,480,446,319,684,735,663,430,407,450,321,100,68,317,91,86,75,157,522,275,465,701,501,314,282,423,352,172,84,488,255,215,124,421,442,251,516,660,682,575,396,589,522,194,104,513,596,515,516,810,832,488,773,969
3,895,607,580,760,800,369,166,676,600,299,327,505,476,338,721,767,696,460,433,481,347,109,73,338,97,96,77,171,555,288,492,735,532,339,295,437,371,186,90,516,279,224,132,450,467,271,549,699,718,605,423,624,552,203,112,540,627,544,549,860,873,511,818,1000
3,894,607,580,759,800,368,165,676,601,299,327,506,476,340,721,768,695,460,435,481,347,109,73,337,96,96,77,171,555,286,492,735,532,338,295,438,372,186,90,514,279,224,132,451,468,270,550,699,718,604,423,627,552,203,112,541,627,543,550,859,874,513,816,1001
3,895,607,581,759,800,369,166,676,600,299,326,507,476,339,720,767,697,460,433,481,348,109,73,338,97,96,77,171,554,288,492,736,532,339,295,437,371,186,90,515,279,224,132,450,467,270,551,699,718,605,423,625,552,204,112,541,627,543,550,859,875,512,816,1000
3,856,587,567,721,773,352,156,658,581,287,316,486,451,320,710,735,674,447,410,466,331,108,72,329,92,89,76,162,533,278,471,717,510,323,287,425,356,181,86,496,262,218,128,444,447,262,530,683,690,581,407,604,537,200,105,517,610,525,533,830,850,498,787,978
3,896,606,579,762,799,369,166,676,600,299,327,505,477,339,722,767,694,460,434,481,346,107,73,338,97,96,77,171,555,288,492,736,532,339,295,437,372,185,90,516,279,224,132,451,468,270,549,698,720,605,423,625,552,203,112,541,627,544,550,858,874,512,816,1000
3,894,607,580,759,799,369,165,676,601,299,327,506,477,339,721,768,695,459,435,482,348,109,72,338,95,96,76,171,554,287,493,735,532,338,295,438,372,185,89,516,279,224,132,451,468,269,551,699,719,605,423,626,552,204,112,539,628,543,551,859,875,512,816,1002
3,895,607,580,760,800,369,166,676,600,300,326,505,476,339,722,767,695,460,434,481,346,108,73,338,97,96,77,171,555,288,492,736,532,339,295,437,372,186,90,516,278,224,132,451,468,269,551,698,719,605,422,626,552,202,112,541,628,544,550,859,874,512,816,998
3,860,577,557,728,767,356,155,641,573,281,309,479,457,313,691,737,673,437,415,456,334,102,68,322,89,92,73,158,520,276,464,698,508,324,277,416,357,173,86,487,264,216,128,417,440,252,518,662,682,582,393,595,524,196,103,507,600,512,516,819,834,490,772,940
3,882,588,573,745,776,360,159,651,584,289,318,495,468,324,701,753,680,445,425,467,339,107,70,325,93,92,75,164,531,278,473,715,523,326,285,427,363,177,86,501,274,220,131,430,450,258,529,683,702,589,406,605,535,198,108,518,609,524,531,834,854,500,797,971
3,889,604,579,755,790,366,164,672,599,295,322,503,473,334,719,761,692,456,426,475,345,109,73,336,96,93,77,168,549,286,487,731,530,331,293,436,366,185,89,508,273,223,131,449,467,269,544,694,716,601,421,621,548,203,108,538,622,537,546,854,871,508,808,993
3,890,601,575,756,798,368,164,672,598,297,325,501,476,336,719,764,695,458,433,480,347,106,73,337,96,96,75,170,549,283,487,733,529,338,293,434,372,185,89,512,276,223,132,449,464,269,543,695,708,605,420,625,549,204,111,531,623,542,547,852,871,507,815,998
3,838,551,548,704,740,337,147,623,559,274,296,464,438,304,669,709,647,415,394,430,322,99,65,311,84,87,71,155,507,265,445,676,493,315,270,405,335,170,83,471,256,208,120,406,431,234,507,636,661,566,382,579,490,190,101,487,586,490,504,785,811,466,742,896
3,870,575,562,733,759,351,154,637,576,280,305,475,452,314,686,729,670,434,406,445,331,104,66,320,87,91,73,158,516,277,459,688,517,320,279,414,349,173,86,480,264,212,122,411,439,246,510,651,681,570,390,588,517,194,103,502,603,504,509,803,827,477,763,923
3,889,602,579,755,799,368,164,671,599,299,327,505,476,337,719,767,695,459,435,480,347,108,73,336,95,96,76,171,550,284,489,733,530,338,295,437,372,186,90,514,279,223,132,451,465,268,546,698,711,603,421,627,551,203,111,535,626,544,549,850,872,511,814,997
3,815,560,542,701,748,340,149,631,560,272,298,468,437,310,680,714,654,424,400,447,316,97,67,312,90,85,70,155,508,266,455,680,490,312,273,418,349,165,82,472,249,211,122,416,437,245,501,643,659,570,382,575,511,190,102,495,593,500,508,786,805,477,753,941
3,890,602,578,756,799,368,165,672,597,299,326,505,476,337,719,765,696,459,433,480,347,108,73,337,96,96,77,171,550,283,489,734,529,339,295,436,372,186,90,514,279,223,133,451,465,268,547,698,711,604,421,625,550,204,112,533,626,544,549,851,871,511,815,997
3,890,601,579,755,796,368,165,671,600,298,325,502,475,336,718,765,694,459,432,479,346,106,73,335,96,95,76,170,549,285,487,732,529,339,296,436,372,183,89,514,278,222,131,447,462,268,541,693,712,601,418,624,550,204,110,533,625,542,546,845,870,508,811,995
3,888,600,579,756,798,367,165,672,598,299,324,505,477,336,718,763,695,457,432,480,347,108,73,337,96,97,77,170,549,283,487,734,529,339,295,434,370,187,90,512,278,222,132,450,465,269,545,696,711,606,421,624,550,203,112,532,624,541,548,851,872,509,814,998
3,890,604,580,757,799,369,165,674,599,298,327,505,477,337,720,765,695,459,433,481,348,109,73,337,96,96,76,171,553,286,489,734,531,339,295,436,371,186,90,514,279,223,132,451,464,269,547,698,715,605,421,625,550,204,111,537,627,544,549,851,872,510,815,999
3,877,589,573,741,784,357,163,657,587,293,316,490,466,326,701,746,681,450,418,469,339,108,71,328,94,95,77,167,535,277,480,705,520,332,287,427,364,185,87,501,269,219,129,438,454,258,533,676,701,589,408,603,532,196,112,511,615,529,532,828,848,490,789,963
3,873,580,569,735,775,352,158,646,579,285,311,483,461,315,691,738,678,439,413,455,337,107,67,323,92,91,73,162,520,279,468,692,517,330,282,420,351,179,87,486,268,214,126,425,445,255,519,659,686,580,396,594,523,196,106,506,610,513,523,808,832,483,775,932
3,889,602,579,755,799,368,165,672,599,299,327,505,476,335,719,766,695,459,434,479,347,108,73,337,96,96,76,170,550,284,489,735,530,339,295,436,371,186,89,514,279,223,132,451,467,269,544,696,711,604,422,626,550,203,111,535,625,542,549,851,871,511,815,993
3,889,605,580,755,801,369,164,673,600,298,326,505,476,337,719,767,697,459,434,481,348,108,73,337,95,96,76,171,553,285,489,732,531,338,295,437,371,186,90,513,279,223,132,450,465,268,547,697,712,605,421,626,551,204,111,536,627,543,549,851,871,512,815,1000
3,886,590,575,747,789,361,162,658,587,291,320,493,473,328,707,751,686,455,425,473,342,108,72,330,94,95,75,166,536,281,479,716,524,334,286,430,365,182,87,500,274,222,129,433,449,264,532,681,702,589,407,607,542,202,109,523,616,529,533,835,849,502,797,967
3,890,597,578,755,797,365,165,666,596,297,326,502,476,335,718,762,691,457,430,479,345,108,73,335,96,96,76,170,546,284,486,730,529,338,294,436,368,186,89,512,279,223,132,449,462,267,545,693,710,600,419,622,547,202,111,533,625,539,548,848,868,506,811,992
3,890,605,580,756,799,369,165,674,599,299,327,505,475,335,720,766,696,459,434,481,348,107,73,336,96,96,76,171,552,285,489,735,531,338,295,436,372,185,90,515,278,223,132,450,464,268,547,697,714,604,421,623,551,204,111,536,627,544,548,850,871,513,814,997
3,926,617,588,761,809,379,171,672,604,304,335,510,475,353,731,770,702,461,441,489,356,122,83,346,112,100,87,175,557,283,505,731,542,352,299,449,376,193,95,519,289,236,143,459,474,276,559,699,722,601,425,629,552,213,125,539,638,543,562,864,871,517,812,998
3,885,594,577,750,796,362,164,660,592,297,323,494,472,331,712,755,688,455,430,476,344,108,73,332,95,96,76,170,540,281,484,718,525,336,287,432,366,186,89,507,273,219,130,445,460,266,541,684,709,596,412,610,543,201,111,523,619,536,537,844,856,500,800,968
3,807,556,531,704,734,334,149,631,565,273,296,465,437,311,669,725,648,417,402,443,316,100,68,311,90,82,74,156,510,265,454,689,483,308,275,413,348,171,84,481,246,213,123,415,433,245,509,640,659,566,390,582,512,191,101,497,578,516,504,791,816,479,759,944
3,883,601,577,748,797,366,165,671,594,298,323,501,467,334,719,752,692,459,431,481,346,107,73,335,96,95,76,170,548,284,484,732,528,337,292,430,371,185,89,510,275,221,131,448,462,268,545,693,705,601,417,613,549,204,110,532,622,541,545,849,860,508,810,990
3,802,544,535,677,724,318,147,612,558,269,287,448,418,307,660,690,635,409,388,433,304,102,66,301,88,84,69,154,492,264,442,670,486,306,264,404,336,164,83,467,244,204,121,398,418,239,485,623,635,540,376,562,501,191,99,489,570,493,490,764,786,468,730,907
3,851,585,565,720,771,350,156,657,582,286,315,485,451,320,708,735,672,444,410,465,330,106,71,328,93,90,76,160,530,279,473,719,510,324,287,425,355,179,86,498,261,217,128,443,448,262,528,678,687,581,407,604,535,201,106,519,610,525,531,828,849,499,785,972
3,814,549,544,678,732,328,146,619,562,270,291,447,422,305,667,700,642,414,387,440,311,100,66,308,86,83,71,154,490,260,453,682,489,313,263,409,339,165,83,474,243,205,123,415,419,239,497,639,640,547,378,568,501,193,99,484,583,503,501,779,802,471,749,903
3,876,598,571,750,795,362,162,669,594,295,320,495,463,334,718,765,691,457,426,477,342,109,72,335,95,94,76,166,548,287,488,730,522,335,289,434,367,184,87,516,272,223,130,448,461,265,543,690,710,597,419,617,549,203,111,532,619,540,545,850,869,508,808,999
3,836,567,543,700,742,341,146,630,555,274,297,470,436,311,676,711,650,418,390,449,322,103,63,309,87,82,70,148,502,259,452,692,499,310,274,405,335,171,82,463,254,201,124,428,432,249,509,649,660,563,387,581,508,185,95,503,587,493,519,793,822,474,756,933
3,832,573,554,707,759,344,153,646,569,278,304,479,442,315,692,717,659,435,401,455,322,103,70,322,93,86,74,158,521,272,466,698,497,318,278,420,351,173,84,481,251,214,124,429,445,255,510,664,677,575,397,585,517,197,104,511,599,511,518,808,826,486,768,956
3,883,601,575,747,785,363,161,672,592,292,319,501,465,331,720,750,685,456,424,474,343,109,73,334,95,91,77,167,547,284,482,725,526,326,291,431,365,185,89,501,269,222,130,446,463,268,544,692,710,597,415,614,546,202,107,532,619,535,542,853,862,503,803,990
3,882,599,575,747,787,363,163,671,593,293,318,501,464,331,720,749,686,456,424,475,343,109,73,334,96,91,77,167,545,284,482,726,526,329,291,431,366,185,88,501,269,221,130,446,463,268,544,693,708,598,416,611,546,202,107,532,619,535,542,854,863,503,804,989
3,914,613,581,762,805,374,166,674,606,300,329,509,478,342,722,770,704,459,438,483,354,116,73,342,97,97,75,171,558,288,494,738,536,341,297,440,373,188,88,520,282,224,135,449,468,270,550,698,717,606,428,626,552,206,113,543,629,547,551,857,873,516,817,1002
3,877,597,574,735,779,359,162,664,589,290,318,494,460,327,712,740,679,450,416,469,336,108,73,333,96,91,77,166,539,282,478,724,522,327,291,428,360,183,88,498,268,219,129,443,458,264,536,685,704,589,411,607,539,200,107,529,615,529,536,840,856,501,795,980
3,818,549,538,688,728,330,150,620,554,268,290,460,425,312,667,699,635,416,392,438,305,101,68,314,92,84,73,154,499,266,448,679,488,309,267,409,337,166,83,468,247,206,119,406,430,241,496,634,651,551,375,569,511,191,102,490,580,496,498,780,793,474,745,923
3,839,575,550,711,753,346,156,639,565,276,303,477,445,318,690,708,658,436,405,454,322,100,71,318,95,89,75,162,512,272,458,691,499,315,280,418,354,172,88,472,255,214,124,421,440,255,512,658,677,567,386,576,523,193,106,506,597,507,514,805,812,482,766,945
3,868,589,572,733,779,358,161,655,588,289,312,496,452,327,708,736,678,454,417,468,337,108,72,330,95,91,77,165,536,283,470,703,516,324,288,426,362,182,88,488,262,217,128,437,457,265,535,684,699,585,407,596,539,199,107,522,609,523,528,843,845,491,790,972
3,822,569,547,703,750,343,154,636,558,275,301,473,438,313,693,711,656,435,398,454,318,101,70,320,93,88,75,159,510,273,460,690,492,313,276,417,351,171,86,478,250,215,123,423,439,252,511,661,670,565,386,579,523,194,105,501,597,508,514,808,816,484,764,950
3,878,596,574,743,783,361,163,667,591,291,314,500,460,329,713,743,684,454,420,472,342,109,73,331,96,91,77,167,544,283,478,719,523,328,291,427,365,184,88,497,266,221,129,438,462,267,540,685,705,595,411,604,540,201,107,530,616,531,535,849,851,498,799,982
3,837,580,557,715,765,349,155,648,572,281,306,484,447,317,706,722,666,443,404,459,326,105,72,324,94,88,75,161,526,276,466,702,500,317,281,424,353,176,86,488,253,217,125,434,448,259,518,674,685,576,401,595,528,197,105,512,603,517,524,820,837,489,774,964
3,841,571,551,702,754,338,153,639,570,280,298,475,438,314,687,713,658,431,399,453,325,105,69,316,93,86,74,157,512,270,460,699,497,316,281,418,346,175,84,482,254,209,125,424,438,253,516,657,668,563,392,580,516,196,104,505,594,512,517,808,817,484,768,942
3,807,553,521,692,721,333,148,622,545,269,295,453,426,307,666,701,637,418,388,438,314,104,70,310,90,82,72,153,501,265,448,679,473,302,269,397,337,170,81,467,247,203,122,415,429,247,501,638,653,548,384,573,509,191,98,495,559,502,500,794,805,473,740,920
3,885,599,575,748,786,363,163,671,592,293,318,501,464,331,720,749,687,456,423,475,343,107,73,334,96,92,78,166,546,285,482,727,526,329,291,430,366,184,89,503,269,221,130,446,463,268,543,692,707,598,416,611,546,203,107,533,619,536,541,853,862,504,804,989
3,840,572,552,718,755,343,152,634,576,285,303,478,444,315,689,732,659,434,406,455,325,104,69,319,91,89,75,157,520,274,462,691,501,310,284,421,351,178,84,490,255,214,125,426,441,255,525,665,682,568,398,587,523,192,107,505,593,515,517,825,829,483,774,952
3,827,561,549,687,756,341,151,625,557,274,303,465,429,298,669,690,655,426,397,436,318,105,69,311,87,89,72,152,510,260,454,660,488,318,271,400,345,175,77,478,254,211,125,416,435,242,510,637,654,566,382,564,495,183,103,472,579,501,507,792,792,452,747,888
3,868,583,567,731,772,354,157,652,580,289,318,487,453,321,690,735,677,436,418,455,338,109,71,326,93,93,74,164,539,276,476,703,511,327,285,421,355,181,86,500,267,219,130,440,449,257,538,673,695,588,405,595,520,200,110,516,603,521,536,826,840,491,782,947
3,846,572,558,714,757,342,153,644,572,279,306,477,440,316,689,726,657,434,403,455,320,104,69,325,92,87,75,157,520,274,465,704,503,316,281,418,351,175,84,484,255,216,126,426,442,253,517,662,683,573,392,584,521,197,105,510,599,512,518,814,831,489,773,954
3,857,583,565,724,768,350,157,654,579,285,310,485,447,320,706,731,670,447,404,463,329,108,72,328,94,89,77,160,531,279,471,710,509,319,287,422,355,180,86,493,259,219,127,437,449,262,529,676,692,579,403,596,532,199,105,517,605,521,529,834,844,492,783,969
3,895,607,580,760,800,369,166,675,600,299,327,507,474,338,721,768,697,460,434,481,348,107,73,338,97,96,77,171,554,288,492,735,532,338,295,437,372,185,90,516,278,224,132,449,467,270,550,697,718,604,424,623,552,205,112,540,627,544,548,857,875,512,814,1000
3,888,603,579,756,796,367,166,671,599,297,323,505,472,337,717,761,694,459,430,478,346,107,73,336,97,95,77,170,551,286,488,728,529,336,296,435,371,184,90,511,276,224,131,445,466,269,547,695,715,602,418,618,548,204,110,535,624,540,545,857,865,505,814,996
3,843,573,556,703,761,341,152,642,573,278,300,475,436,319,692,713,659,436,402,451,320,106,69,320,90,85,74,157,514,273,460,696,499,320,278,420,348,171,84,477,256,211,125,424,442,249,512,658,673,565,390,586,519,197,101,505,598,506,518,805,822,481,763,945
3,860,588,567,727,774,352,156,660,583,285,316,488,452,324,711,738,673,448,411,467,331,108,72,329,93,90,77,161,535,281,475,718,512,324,287,426,356,180,86,498,263,220,128,444,451,264,533,682,695,582,408,606,538,200,107,523,610,525,535,837,853,499,787,980
3,883,600,575,747,787,362,163,672,593,293,318,501,466,332,720,750,687,456,423,475,343,110,73,333,96,91,77,167,546,284,481,729,526,330,291,431,365,185,88,502,270,221,130,447,465,268,543,692,708,598,417,615,546,202,107,534,619,535,543,853,862,505,805,986
3,832,563,550,700,744,337,152,631,567,276,296,470,434,316,678,709,650,425,399,446,316,105,69,319,93,86,73,157,507,269,457,695,498,314,274,412,346,173,85,478,250,212,125,417,437,246,512,653,664,560,386,579,514,194,103,501,588,508,510,804,812,482,763,931
3,844,577,555,722,758,343,155,642,580,287,304,482,448,319,689,737,664,439,409,456,327,105,69,321,91,89,77,160,523,278,465,700,503,313,285,423,353,179,86,494,256,216,125,427,444,257,527,669,687,569,402,592,530,195,107,511,596,520,518,828,834,489,781,959
3,877,594,574,741,781,361,162,664,590,290,314,499,460,330,715,743,683,453,418,473,341,107,73,332,96,91,77,166,543,284,475,717,522,327,291,428,364,183,88,496,266,220,129,441,460,268,540,687,703,594,410,606,542,202,107,528,616,530,536,849,851,497,800,982
3,831,566,546,701,744,333,151,637,567,276,297,470,434,312,678,714,649,424,398,445,313,102,68,316,91,85,75,154,510,269,457,693,492,311,281,415,345,171,83,478,252,211,122,417,434,248,509,651,671,563,385,577,514,193,103,499,588,505,509,800,817,480,759,954
3,884,600,575,748,787,364,163,671,592,292,318,501,466,334,720,748,688,457,423,474,342,107,73,334,96,91,77,167,547,285,482,727,526,330,290,431,366,182,88,503,270,221,130,447,464,268,543,693,708,598,416,615,547,203,107,534,619,535,543,853,861,504,804,990
3,835,568,556,705,749,338,152,643,579,276,302,473,436,319,683,716,655,428,401,446,316,105,70,319,92,85,75,156,517,271,462,699,500,317,278,419,348,173,84,478,251,213,124,424,441,250,513,657,673,568,395,585,517,194,102,510,592,509,512,807,827,483,762,955
3,883,601,575,746,788,363,162,671,593,293,317,502,465,332,721,750,687,457,423,475,343,109,73,334,96,91,76,167,545,284,482,727,526,328,291,432,365,185,88,502,269,221,130,447,466,268,543,692,708,598,417,615,546,202,107,532,619,535,544,853,863,503,804,992
3,884,600,575,748,787,363,163,670,592,293,318,500,466,332,720,751,688,456,422,476,343,107,73,334,96,91,77,167,545,284,483,727,526,330,291,430,366,184,88,504,270,222,130,446,463,267,544,692,708,597,416,615,546,203,107,532,619,536,543,853,863,505,803,992
3,884,600,575,748,787,363,163,671,594,293,317,501,466,332,720,749,688,456,423,475,343,107,72,334,96,91,77,167,546,285,482,726,526,330,292,430,366,183,88,503,269,221,129,447,462,269,544,693,708,598,416,614,546,203,108,532,619,535,543,853,863,503,803,995
3,850,575,557,709,764,345,155,645,572,280,306,479,440,320,696,718,660,439,406,458,326,108,70,323,94,87,73,159,517,274,464,701,503,322,280,421,351,175,85,481,259,214,128,430,445,254,519,667,676,571,394,587,522,199,103,509,601,511,524,817,826,485,773,949
3,844,574,556,710,754,340,153,646,576,281,303,478,442,316,689,725,659,432,401,455,324,106,70,319,93,87,75,157,521,272,465,704,501,316,284,420,350,177,84,485,255,213,125,430,442,257,518,663,679,570,397,588,519,196,105,513,596,515,521,815,828,488,774,961
3,873,593,573,733,775,357,161,659,586,288,312,493,458,326,711,733,677,449,411,467,335,108,73,331,96,91,77,164,536,281,474,714,519,324,291,426,359,182,87,493,266,219,128,439,455,265,534,684,702,586,404,602,535,200,107,523,612,523,534,841,846,494,791,977
3,893,603,579,754,798,364,165,670,595,299,325,501,470,336,718,765,694,457,430,479,347,110,71,334,96,96,75,171,552,287,488,731,528,338,291,436,369,185,90,516,278,223,132,445,463,268,548,688,714,599,419,620,547,203,112,537,624,542,547,850,867,508,809,994
3,813,559,538,686,741,338,151,621,550,269,293,465,429,312,682,692,646,427,397,446,316,101,67,314,92,85,71,157,489,267,453,679,484,312,270,415,346,165,84,466,249,209,123,415,433,244,499,647,652,551,372,567,512,194,103,490,590,498,510,785,792,476,749,923
3,815,562,536,691,741,334,151,626,554,273,289,468,434,310,679,699,646,422,394,445,315,101,68,312,92,85,73,156,502,264,452,686,484,309,272,413,344,169,84,474,247,208,122,415,432,245,501,650,657,557,382,573,506,192,103,494,584,505,508,789,801,478,754,928
3,815,553,538,684,726,326,148,619,562,272,288,462,426,309,662,698,639,410,393,434,307,101,67,309,90,83,74,153,496,263,447,684,487,306,273,410,338,168,83,472,246,205,119,407,427,241,503,635,647,548,380,567,505,189,102,490,577,501,497,783,794,473,747,925
3,813,555,522,704,729,337,150,628,548,273,295,459,431,313,671,711,646,424,394,443,320,104,70,311,91,82,73,155,508,268,451,685,477,306,269,399,343,172,82,472,249,206,123,418,435,249,508,644,656,557,390,580,515,192,98,502,562,509,505,804,811,477,749,930
3,807,552,522,693,721,332,149,622,545,269,294,454,426,310,665,701,637,418,388,437,313,104,70,310,91,82,73,153,500,265,448,681,474,304,268,398,337,170,82,467,248,204,122,414,430,247,500,638,653,548,384,574,510,191,98,497,559,502,500,793,804,474,740,921
3,801,560,513,701,730,336,151,620,544,272,296,461,429,312,671,699,649,422,393,439,321,104,71,310,92,84,74,158,501,266,450,683,473,305,272,396,345,170,83,473,250,209,121,412,436,247,497,637,654,550,393,575,511,194,103,495,560,507,501,787,802,478,739,917
3,884,600,575,748,787,363,163,670,592,293,317,501,465,332,720,750,688,455,422,475,342,109,74,334,96,91,77,168,546,284,482,726,526,330,291,430,366,185,88,502,270,221,130,447,464,268,544,693,708,598,416,614,545,202,107,533,619,536,543,853,862,504,804,991
3,869,592,566,738,770,353,159,660,592,289,308,495,464,326,705,744,680,443,417,461,334,105,71,324,93,89,77,164,536,279,475,713,517,320,293,433,360,180,87,496,265,218,126,432,454,264,533,677,698,587,407,607,537,196,106,524,612,527,530,836,846,495,792,982
3,895,606,580,761,800,369,165,676,600,299,327,505,476,339,722,767,696,460,433,481,348,109,73,338,96,96,77,171,555,287,492,737,532,339,295,437,371,186,90,516,279,224,132,451,467,270,550,698,719,605,423,625,551,204,112,541,628,544,550,858,875,512,816,1000
3,876,599,571,750,795,362,162,671,593,296,322,497,465,334,717,765,690,457,427,478,341,109,72,335,95,94,76,167,550,286,488,732,522,335,290,433,368,184,87,516,272,224,132,449,463,266,544,691,710,597,420,620,549,202,111,534,621,541,546,850,869,510,809,999
3,890,603,580,755,800,368,165,672,598,299,327,504,474,336,720,765,697,458,433,481,347,106,73,337,96,96,76,170,552,284,488,734,531,338,294,436,372,185,90,515,279,223,132,451,465,268,545,697,712,606,421,623,549,205,110,534,624,544,549,851,871,510,815,997
3,881,590,573,739,791,354,162,662,590,291,318,493,463,328,706,747,684,449,425,469,337,106,70,330,94,95,75,167,542,283,482,717,518,336,286,427,365,183,87,508,270,220,132,439,454,265,542,678,701,594,407,609,533,201,111,524,613,537,536,839,852,493,795,971
3,849,574,556,719,761,344,148,643,570,277,303,474,434,320,695,730,668,432,401,452,325,105,68,315,87,84,74,154,522,266,462,698,502,314,275,421,345,168,83,481,256,213,124,434,437,257,516,667,680,575,390,590,522,196,100,509,600,503,526,814,840,484,770,956
3,842,550,553,704,747,335,148,612,562,273,298,461,441,300,666,712,652,419,401,434,323,103,61,304,82,89,72,152,497,267,446,663,494,312,267,407,342,168,83,472,253,211,125,403,423,237,499,629,660,559,375,570,493,185,102,485,583,492,497,776,807,463,735,887
3,887,598,575,755,798,366,163,668,598,296,326,496,474,335,716,766,693,459,432,478,346,108,73,333,95,96,76,170,546,282,487,730,527,337,292,436,371,184,90,511,276,223,132,445,461,268,540,688,707,601,417,622,548,203,111,532,622,541,541,846,869,509,807,992
3,851,566,559,721,774,345,156,635,577,284,306,478,451,313,692,724,664,439,409,460,326,103,68,319,88,90,71,164,519,274,466,690,503,324,282,417,355,178,83,489,263,214,123,418,444,253,517,661,681,581,398,586,517,192,106,504,598,515,517,814,832,475,769,930
3,834,566,553,702,756,347,158,642,566,281,311,476,447,304,668,718,654,433,409,444,324,98,68,322,93,87,76,160,518,270,460,696,498,323,279,411,351,179,87,485,258,215,127,428,436,242,515,666,669,581,392,581,509,190,103,495,593,520,513,798,822,480,781,954
3,850,576,564,721,775,349,159,651,576,283,314,484,455,312,686,734,667,441,414,456,329,103,68,326,94,91,76,160,523,269,467,706,511,326,283,419,357,181,87,488,267,218,129,434,441,255,524,676,681,590,396,591,518,194,107,502,601,522,528,818,840,485,792,967
3,868,578,559,734,772,354,154,647,577,284,312,481,456,323,697,739,679,440,415,466,340,104,67,317,87,90,72,160,526,273,468,704,513,325,280,417,357,175,84,493,264,218,127,421,444,253,517,664,679,585,402,598,531,196,103,511,606,514,521,817,842,492,774,943
3,888,598,575,754,797,364,165,671,595,297,326,498,474,336,718,764,692,458,431,480,344,107,73,336,96,96,76,171,547,283,488,732,527,338,292,434,371,186,89,513,276,223,132,449,465,268,542,691,707,603,418,624,550,203,112,530,623,543,545,848,867,508,811,994
3,820,552,540,690,747,337,151,615,551,273,295,457,429,301,669,692,643,425,388,443,319,98,65,301,88,88,67,155,500,257,436,655,481,311,272,399,340,167,80,458,253,200,119,405,431,240,499,625,658,560,376,561,494,181,102,473,571,484,497,779,794,453,728,872
3,882,594,573,753,794,362,160,659,593,292,320,494,475,330,713,760,692,451,428,474,345,106,74,330,93,95,74,170,542,281,481,723,523,334,289,431,367,184,88,510,274,222,130,438,456,267,536,682,704,595,411,620,540,203,109,526,620,538,538,840,863,500,804,984
3,873,589,572,742,793,358,163,661,590,295,318,494,467,327,711,754,684,454,427,475,341,106,71,331,93,96,75,170,544,279,480,717,518,334,287,429,366,185,88,509,270,221,129,442,458,265,535,686,701,598,412,613,540,202,111,520,615,536,538,838,858,501,800,984
3,890,600,577,756,798,367,165,670,598,296,326,504,476,337,719,764,693,458,433,480,347,107,73,336,96,96,75,171,548,284,488,732,530,338,295,435,370,185,90,514,278,223,131,449,463,268,545,696,708,604,419,625,550,205,110,532,625,544,548,848,871,508,813,1000
3,885,588,574,749,788,359,164,652,591,290,320,494,471,327,710,751,682,453,424,473,339,107,72,330,95,95,74,168,532,281,479,717,524,333,290,429,366,183,88,505,273,222,128,437,450,262,535,682,703,589,408,608,539,200,108,523,615,535,536,832,855,499,794,976
3,887,598,576,754,797,367,165,671,597,299,325,499,475,335,718,762,692,460,432,480,347,107,72,336,96,96,75,169,547,285,486,733,528,339,293,433,372,186,89,513,276,223,131,447,463,266,545,693,708,603,419,623,549,204,110,531,623,542,545,851,869,508,812,995
3,886,595,576,752,787,363,160,661,591,291,321,494,471,331,714,757,690,450,422,476,346,110,69,331,91,95,74,164,542,283,478,724,527,334,287,432,362,181,88,505,275,220,130,437,454,263,537,687,707,593,413,613,543,201,107,530,621,530,538,844,860,505,803,982
3,888,597,576,752,789,366,161,663,591,291,319,499,471,328,713,759,693,451,423,476,347,110,69,332,92,95,75,166,544,281,480,724,527,336,288,430,365,181,90,505,275,221,131,437,455,263,540,686,706,596,414,614,542,201,108,528,623,534,538,842,860,506,804,983
3,856,563,555,709,752,340,152,625,565,279,298,466,443,311,672,711,660,421,400,444,324,102,65,309,87,87,71,158,507,268,449,672,499,320,271,412,343,168,84,474,258,208,122,408,429,245,506,633,668,563,384,571,508,191,103,488,593,494,504,783,804,465,746,898
3,889,602,579,754,799,368,164,672,599,298,326,505,475,338,719,767,695,459,435,480,347,108,73,337,95,96,76,171,552,284,488,733,530,338,295,437,372,185,90,514,279,223,132,450,465,269,547,695,711,604,420,627,551,205,111,534,626,544,549,850,871,510,815,997
3,870,585,569,725,790,355,160,654,581,287,316,490,465,319,704,735,680,445,420,468,334,106,69,326,90,92,74,168,535,274,473,704,508,334,279,423,361,179,86,500,266,220,130,438,457,261,532,677,692,595,407,609,529,196,109,506,606,527,534,829,844,484,786,954
3,887,596,576,755,797,366,165,667,596,296,324,504,476,335,718,761,692,456,431,480,346,106,73,336,96,96,76,171,548,284,484,730,526,338,294,434,369,185,90,511,276,222,131,448,464,269,544,693,707,605,420,621,549,205,111,531,623,541,545,847,868,508,809,993
3,834,549,547,700,735,329,146,611,555,275,296,462,436,305,661,700,645,412,398,429,321,102,62,302,82,88,71,153,500,264,439,663,489,308,270,405,334,170,83,468,258,208,123,400,420,239,490,629,662,550,374,568,494,186,103,486,577,483,498,767,799,461,733,892
3,883,595,576,753,796,366,165,667,596,296,322,504,476,332,719,760,689,457,431,479,345,106,73,336,96,95,77,170,548,283,485,729,526,339,294,432,369,185,89,511,275,222,130,448,463,269,542,693,707,603,418,624,547,204,111,531,623,541,545,846,868,509,807,992
3,885,592,576,750,795,361,164,665,591,296,324,501,471,331,716,760,688,457,431,478,343,104,71,333,94,96,75,169,544,283,486,725,526,337,291,431,369,184,89,513,278,222,132,445,459,267,542,691,703,599,414,621,547,202,110,526,621,541,545,845,863,504,808,984
3,882,591,573,747,793,363,163,667,593,294,319,497,473,332,716,756,688,457,423,480,343,106,72,332,93,96,75,170,545,281,482,724,520,336,291,431,367,183,88,510,271,221,130,443,461,266,538,688,703,602,417,618,546,202,111,524,620,537,540,843,862,504,803,987
3,854,575,563,722,753,354,152,630,573,279,311,477,443,316,687,727,664,424,406,450,334,110,66,317,89,92,72,154,519,273,461,687,516,320,284,417,348,172,84,482,270,209,124,420,439,245,516,657,680,568,389,584,509,193,104,509,605,506,515,803,822,484,765,923
3,881,587,573,743,792,358,164,658,588,293,317,492,466,328,711,752,685,452,422,475,340,108,70,330,93,96,75,169,541,278,479,714,519,336,285,429,366,184,87,505,272,220,132,438,458,264,537,680,699,597,411,610,536,200,112,518,616,533,537,839,855,496,796,974
3,869,584,566,736,786,357,162,659,587,289,313,493,465,326,707,739,679,445,419,469,333,105,72,326,93,94,75,167,539,277,476,708,512,335,288,428,365,180,86,500,268,219,128,436,459,260,534,674,693,600,410,606,530,197,109,514,615,530,533,831,848,486,790,960
3,890,600,580,754,796,367,164,671,598,299,325,501,475,334,718,765,694,458,431,479,346,108,73,335,95,95,77,170,547,283,487,733,529,338,295,436,372,185,89,513,279,223,133,447,462,267,542,692,711,602,417,623,548,203,111,531,625,542,546,845,869,509,811,994
3,862,576,563,723,765,346,157,635,572,283,305,476,458,309,688,728,669,432,405,453,328,103,66,319,89,90,74,161,520,271,457,684,511,324,277,418,352,176,86,481,262,214,123,418,434,249,516,648,682,569,392,588,513,192,105,495,606,507,515,797,821,475,765,933
3,889,599,578,756,794,366,164,663,596,297,321,500,476,335,716,763,693,458,429,479,347,108,73,334,95,95,77,170,543,283,484,728,529,337,291,434,371,185,89,511,277,223,133,443,460,267,540,689,711,594,416,620,547,204,111,531,622,541,544,843,863,507,811,986
3,889,593,578,750,791,363,164,657,591,293,322,498,474,329,709,754,689,455,426,475,343,106,72,330,95,95,75,168,536,280,480,721,526,336,289,431,367,182,87,506,276,222,131,437,453,263,536,687,706,590,413,609,544,202,109,522,619,531,538,839,855,504,803,975
3,884,600,577,751,786,364,162,668,597,293,318,502,469,332,717,755,689,455,423,472,343,109,73,334,95,92,77,168,547,285,483,721,527,327,294,435,366,184,89,502,270,223,130,443,463,269,542,692,712,598,415,615,544,202,108,533,621,533,541,853,862,501,805,990
4,885,611,579,753,806,371,163,671,601,300,324,506,467,339,721,770,697,457,437,485,350,110,72,341,92,98,74,170,554,284,490,734,532,337,295,438,374,187,89,516,278,223,133,451,465,265,548,697,713,606,420,621,546,206,110,534,631,545,553,848,875,508,818,1002
4,805,550,536,679,726,336,154,607,553,273,296,457,428,304,648,700,636,404,400,439,315,99,62,301,84,91,64,157,497,267,439,650,478,312,270,404,340,170,80,464,247,199,121,404,420,236,508,634,649,559,375,558,496,176,100,482,582,493,487,771,798,448,741,893
4,840,580,550,708,764,361,156,642,568,289,310,476,442,314,685,715,668,438,413,450,338,109,71,327,91,93,71,160,523,270,471,697,504,320,284,413,361,181,82,496,266,218,130,432,449,243,531,661,665,582,395,585,508,194,106,496,598,519,535,818,813,477,783,923
4,865,593,576,735,797,361,162,651,590,294,322,497,461,326,710,752,685,451,424,474,340,110,72,329,93,97,74,168,537,280,477,711,520,334,294,431,364,186,87,508,270,218,131,445,458,260,541,681,701,593,408,609,534,196,110,516,626,536,536,830,855,490,800,966
4,881,605,576,754,794,369,163,670,599,297,324,499,465,337,711,764,695,452,429,476,344,112,72,342,93,97,75,168,553,281,487,730,532,336,295,431,371,186,88,510,278,221,132,447,458,261,544,694,708,602,418,616,543,204,110,530,624,540,547,843,868,508,812,993
4,873,606,569,743,793,366,163,666,591,298,324,496,458,331,708,758,690,453,429,471,343,114,72,339,94,97,75,166,550,278,484,730,526,331,292,430,371,187,87,511,279,223,133,446,460,258,544,689,702,598,418,612,537,201,110,526,616,538,549,843,863,506,809,989
4,886,610,579,755,805,372,164,670,601,300,323,506,470,337,722,769,699,455,435,485,350,111,72,341,93,97,74,170,554,285,489,735,533,338,296,437,374,187,88,516,279,222,132,450,463,265,548,699,712,608,420,621,545,205,110,536,631,546,553,849,874,509,820,1000
4,887,609,579,756,807,372,164,669,601,301,322,506,469,336,722,771,699,457,436,484,350,111,72,341,93,97,74,170,554,285,490,732,532,339,296,436,374,187,88,516,279,221,133,450,464,265,548,699,713,607,419,622,545,205,110,535,630,546,553,850,874,509,819,1000
4,884,608,577,754,806,371,163,666,599,298,320,505,469,334,721,770,698,455,432,484,350,110,72,339,93,97,74,169,554,282,487,727,529,337,296,436,372,187,88,513,278,221,133,448,463,265,544,697,712,606,419,620,542,204,110,531,628,543,550,847,872,506,816,1000
4,887,612,578,753,808,371,164,671,601,300,323,507,468,337,721,768,699,458,437,483,350,111,71,341,93,96,74,170,555,285,490,734,533,338,296,437,374,187,88,516,278,222,133,450,463,265,549,699,711,606,420,621,545,205,110,536,632,547,552,849,872,509,820,1001
4,875,606,573,750,792,369,164,666,595,297,323,499,462,336,709,762,691,451,429,478,347,112,71,340,95,97,75,167,550,279,488,729,528,334,294,432,369,186,88,510,276,223,133,449,460,262,544,696,708,599,418,609,541,203,111,530,622,536,550,846,865,508,814,996
4,886,610,579,751,807,370,164,671,599,301,325,505,469,338,721,767,697,458,437,484,349,111,71,341,93,96,74,170,554,284,490,735,530,337,295,438,374,188,88,516,279,222,133,452,465,265,549,698,713,607,419,622,546,204,110,535,629,546,553,849,873,509,817,999
4,886,609,578,756,805,372,164,670,601,300,323,506,470,337,722,769,698,456,436,484,350,111,72,341,93,97,74,170,554,285,489,735,533,338,296,436,374,187,88,516,279,222,133,450,463,265,547,700,712,608,420,622,545,205,110,536,630,546,553,849,875,509,820,1000
4,886,610,578,755,806,372,164,670,601,300,323,506,469,337,722,769,698,457,436,484,350,111,72,341,93,97,74,170,554,285,489,735,533,338,296,437,374,187,88,516,279,222,133,450,463,265,548,699,712,607,420,621,545,205,110,536,631,546,553,849,874,509,820,1000
4,885,608,580,755,806,372,164,669,601,300,324,504,470,338,721,769,696,459,435,483,349,111,72,342,93,97,74,170,554,285,489,735,534,337,295,437,373,188,88,514,278,222,133,453,463,265,550,699,713,607,419,623,545,204,110,538,631,544,554,850,875,508,820,998
4,860,595,568,735,792,364,161,656,590,292,314,494,461,323,705,751,681,451,421,468,342,109,67,335,90,93,70,163,536,283,478,712,518,334,291,429,358,185,82,499,272,212,129,437,456,256,540,680,699,592,409,607,530,195,106,519,621,530,535,837,854,490,802,960
4,886,607,580,755,806,372,163,670,600,300,325,505,470,338,721,768,696,459,435,483,349,111,72,342,93,97,74,169,554,285,489,736,533,338,296,436,373,188,88,514,279,222,133,453,463,265,550,699,713,607,419,623,545,204,110,538,631,544,554,850,875,508,820,997
4,886,610,579,751,808,370,164,671,599,301,325,505,468,338,721,767,697,458,437,485,349,111,72,341,93,97,74,170,554,284,490,735,530,338,295,437,374,188,88,516,279,222,133,452,465,265,549,698,713,607,420,621,546,205,110,535,629,546,553,849,874,509,817,999
4,886,610,579,755,806,372,164,670,601,300,323,506,469,337,722,769,698,457,436,484,350,111,72,341,93,97,74,170,554,285,489,735,534,338,295,437,374,187,88,516,279,222,132,450,463,265,548,699,712,607,420,621,545,205,110,536,631,546,553,849,874,509,820,1000
4,885,608,579,755,806,372,163,668,599,300,325,503,471,337,721,770,696,459,435,483,349,111,72,341,92,97,74,170,554,284,489,735,533,336,294,437,373,188,89,514,279,222,133,453,463,264,549,700,713,606,419,624,545,203,109,539,630,545,554,850,874,510,821,996
4,855,592,559,729,776,367,159,652,579,291,319,489,449,320,695,743,678,444,420,459,341,114,72,336,93,95,73,162,543,273,478,712,517,323,289,420,363,184,83,504,272,220,132,441,454,254,538,677,687,594,410,600,521,198,109,513,606,527,541,832,844,494,795,965
4,844,581,555,715,765,360,155,641,565,288,316,475,439,310,680,723,672,438,412,446,337,113,71,328,90,93,71,156,530,271,473,693,504,318,286,406,357,180,81,496,264,216,130,435,447,250,531,657,676,582,391,585,510,196,103,501,597,516,528,821,818,477,778,923
4,886,610,579,751,808,370,164,670,599,301,325,506,468,338,721,767,697,458,437,485,349,111,72,340,93,97,74,170,554,283,489,735,530,338,295,437,374,188,88,516,279,222,133,452,465,265,549,698,713,606,420,621,546,204,110,535,629,546,553,849,874,509,817,999
4,885,608,579,755,806,372,163,668,599,300,325,503,471,337,721,769,696,459,435,483,349,111,72,340,92,97,74,170,554,284,489,735,533,336,294,437,373,187,89,514,279,222,133,453,462,265,549,700,713,606,419,623,545,203,109,540,630,544,554,850,875,510,819,998
4,804,538,528,686,726,334,148,597,544,270,281,456,431,303,665,688,624,409,390,441,318,104,61,306,82,88,65,153,487,264,440,666,479,305,266,400,333,166,78,471,240,198,122,398,424,232,501,631,648,552,369,562,487,187,101,486,582,491,490,779,790,460,737,880
4,886,610,579,751,807,370,164,671,599,301,325,506,469,338,721,767,697,458,437,484,349,111,72,341,93,97,74,170,554,284,490,734,530,337,295,438,374,188,88,516,279,222,133,452,465,265,549,698,712,607,420,622,546,205,110,535,629,546,553,849,873,509,817,999
4,881,607,575,748,805,371,164,662,597,299,323,501,466,337,721,760,693,458,435,482,349,111,71,339,92,97,73,170,546,284,486,731,531,336,294,436,372,186,88,513,279,221,133,449,461,262,548,695,705,601,416,618,542,204,109,533,629,543,552,845,867,504,815,985
4,881,604,578,749,805,367,164,660,597,299,324,502,465,335,714,762,692,455,434,481,347,111,72,337,93,97,74,170,547,282,486,722,529,338,295,434,368,187,88,512,276,219,132,450,462,263,545,691,710,599,416,613,541,203,110,528,630,539,544,841,865,502,810,976
4,882,601,575,751,798,370,161,661,596,296,322,505,468,334,717,766,690,451,431,481,346,113,72,338,92,98,73,167,549,279,485,728,530,335,294,434,370,186,87,511,277,220,132,453,464,262,550,695,707,603,419,620,538,201,110,531,626,540,554,847,870,505,814,990
4,886,610,578,755,806,372,164,670,601,300,323,506,469,337,722,769,698,457,436,484,350,111,72,341,93,97,74,170,554,285,489,735,533,338,296,436,374,187,88,516,279,222,133,450,463,265,547,700,712,607,420,622,545,205,110,536,630,546,553,849,875,509,820,1000
4,885,607,580,756,806,370,163,670,601,299,324,505,470,338,722,770,696,458,435,484,348,110,72,341,92,97,74,170,553,286,489,734,534,337,295,437,373,188,88,513,278,222,133,453,463,265,550,700,713,607,419,623,546,204,110,538,632,544,554,850,876,508,820,998
4,886,610,578,755,806,372,164,670,601,300,323,506,469,337,722,769,698,457,436,484,350,111,72,341,93,97,74,170,554,285,489,735,533,338,296,436,374,187,88,516,279,222,133,450,463,265,547,700,712,607,420,622,545,205,110,536,630,546,553,849,875,509,820,1000
4,869,605,568,745,791,369,163,666,592,296,324,494,459,328,708,761,692,452,426,471,344,114,72,339,94,97,75,166,549,279,485,729,528,333,293,428,371,185,87,512,279,223,134,445,459,258,543,686,697,597,419,611,535,201,110,526,617,538,549,841,859,506,811,991
4,886,610,578,755,805,371,164,671,601,300,323,506,470,337,722,769,698,457,435,483,349,111,72,341,93,97,74,170,555,285,488,735,533,338,296,436,374,187,88,516,279,222,133,450,463,265,547,700,712,606,421,624,545,205,110,535,630,546,553,849,875,508,821,1002
4,863,593,573,735,791,357,161,659,586,294,320,501,464,324,709,751,680,449,424,477,338,110,71,335,91,95,73,168,545,279,479,717,517,332,292,428,366,187,86,508,273,220,131,446,458,261,544,688,704,597,413,609,535,201,109,518,617,537,545,836,856,499,803,976
4,886,611,577,754,807,372,164,669,601,300,325,504,468,338,720,771,698,458,436,485,349,111,72,341,93,97,75,170,554,284,489,734,533,336,296,437,373,187,89,517,278,224,135,452,464,265,548,697,711,607,421,621,548,204,110,534,630,545,553,848,874,509,819,1003
4,886,609,579,754,803,372,165,670,601,299,324,506,470,338,718,770,697,456,435,485,350,111,72,341,93,98,74,170,554,284,490,734,533,337,296,436,373,187,88,516,278,222,133,454,465,265,551,698,712,608,420,621,547,205,110,535,630,545,555,849,872,510,820,999
4,877,602,578,746,803,366,162,664,593,298,324,502,465,331,715,756,692,453,432,478,347,110,72,336,91,95,73,169,549,280,485,722,527,335,295,431,366,187,87,510,275,218,132,448,462,262,545,692,708,603,412,611,538,203,107,526,629,539,543,843,861,501,809,975
4,886,609,579,754,803,372,165,670,601,299,324,507,470,338,719,770,697,456,435,485,350,112,72,341,93,98,74,170,555,284,490,733,533,337,296,437,373,187,88,516,278,222,133,452,465,265,550,698,712,608,421,621,547,205,110,535,631,545,553,849,872,510,819,999
4,876,603,578,746,798,366,165,665,594,297,320,503,464,333,712,759,692,454,429,480,346,111,72,337,93,98,74,170,547,284,486,721,527,334,295,433,369,187,88,510,272,219,131,446,462,263,545,689,708,603,412,609,543,203,110,525,630,539,542,841,860,501,809,976
4,838,576,553,710,760,356,154,640,566,285,311,474,440,314,680,718,665,435,406,449,333,105,71,324,88,94,72,157,524,269,469,690,504,318,281,410,358,180,81,493,263,214,127,432,449,243,524,656,670,581,395,583,504,193,105,497,596,519,526,810,814,472,778,929
4,854,589,561,731,774,360,157,646,576,289,320,482,452,323,700,742,673,439,416,464,336,108,72,332,90,97,73,162,535,270,473,702,520,323,285,421,365,183,84,498,277,219,131,440,453,249,531,668,687,585,404,601,517,198,109,505,606,525,543,818,837,487,788,954
4,862,598,563,737,782,363,159,652,583,289,322,489,455,326,704,749,682,441,418,467,337,112,71,333,91,97,72,163,541,273,477,711,522,325,288,424,367,182,84,500,277,219,131,443,457,253,536,678,694,591,413,606,522,197,109,518,608,528,545,830,850,494,794,962
4,885,609,579,754,806,370,164,670,600,299,324,506,469,337,721,769,696,457,435,485,350,110,71,339,93,97,74,170,553,282,489,735,533,338,295,436,373,187,87,517,279,222,132,451,462,264,548,701,711,607,420,621,544,204,111,535,630,546,553,848,875,510,819,1003
4,862,598,563,736,784,362,159,653,582,290,319,491,453,325,704,749,681,443,420,465,338,112,71,334,91,96,73,163,541,274,477,711,523,325,288,424,366,184,84,499,276,218,131,441,455,253,537,679,693,591,410,606,521,198,109,518,611,529,543,830,850,494,795,964
4,832,557,537,707,738,341,146,616,556,266,301,459,438,313,682,722,647,413,392,454,323,104,62,313,82,91,67,150,510,267,442,674,497,315,269,407,338,169,82,473,260,209,123,411,421,236,509,641,661,556,385,587,504,189,100,493,590,495,511,789,822,468,751,914
4,856,593,561,727,775,362,158,650,579,287,319,488,448,321,694,741,675,440,416,458,336,113,71,332,90,95,73,161,536,272,475,702,517,323,286,420,360,183,82,496,270,215,129,441,456,249,534,675,689,588,409,599,518,195,108,509,607,524,534,825,844,488,787,960
4,862,596,564,738,782,361,159,652,581,291,322,489,454,327,702,749,680,443,420,466,337,111,72,332,91,97,72,163,541,274,476,710,523,324,288,423,366,184,84,499,277,217,131,443,456,252,538,678,694,590,410,605,524,197,108,519,609,528,543,830,847,495,794,960
4,855,588,561,731,774,360,157,646,578,290,318,483,452,323,699,741,672,440,416,464,336,108,72,332,90,97,73,162,537,270,473,701,519,322,287,421,365,183,84,499,275,219,131,440,454,249,532,668,688,586,404,599,517,198,109,505,606,525,543,819,834,487,789,953
4,887,609,579,754,803,372,165,670,601,299,323,508,470,339,719,770,697,456,435,486,350,111,72,341,93,98,74,170,554,284,490,733,533,337,296,437,373,187,88,516,278,222,133,451,465,265,550,698,712,608,421,621,548,205,110,534,631,545,553,849,873,509,819,1002
4,885,607,579,757,803,371,164,668,601,301,324,505,471,338,722,769,698,455,435,485,350,111,72,340,93,97,74,170,553,285,490,734,533,337,297,436,375,187,88,517,279,223,133,452,463,265,550,699,712,607,420,622,545,205,110,537,630,546,555,850,874,509,819,998
4,885,610,578,755,806,372,164,669,601,299,324,506,468,337,722,770,698,456,436,484,349,111,72,341,93,97,74,170,554,285,489,734,533,338,296,436,374,187,88,515,278,223,134,451,465,265,548,700,712,607,420,622,545,204,110,537,631,545,553,851,874,509,821,999
4,886,610,579,755,806,372,164,670,601,300,323,506,469,337,722,769,699,457,435,484,350,111,72,341,93,97,74,170,554,285,489,735,533,338,296,437,374,187,88,516,279,222,132,450,463,265,547,699,712,607,420,621,545,205,110,536,631,546,553,848,874,509,820,1002
4,884,607,575,753,795,368,163,670,597,298,324,499,464,337,711,764,694,453,432,475,345,112,71,342,93,97,75,167,551,282,488,731,532,335,294,431,372,187,88,509,278,221,132,447,458,261,544,694,709,600,416,617,542,204,110,532,624,540,547,844,869,508,812,990
4,879,604,574,745,791,368,163,669,596,295,325,500,459,335,700,759,695,451,428,469,347,114,72,340,93,95,75,169,549,281,486,732,526,334,294,431,366,186,86,509,274,222,133,447,459,259,545,693,702,601,420,609,539,205,111,531,622,534,543,840,865,510,810,995
4,882,607,576,753,794,369,161,669,598,296,324,500,466,338,712,764,693,453,429,478,346,113,72,341,93,96,75,167,552,281,487,730,533,334,294,432,370,187,88,509,278,221,132,447,458,261,545,694,710,598,418,617,543,204,110,532,624,541,547,844,867,509,812,990
4,881,606,576,753,796,368,163,670,597,297,325,499,464,338,711,764,694,454,430,477,345,112,72,341,93,97,75,168,552,281,486,731,533,336,294,430,371,186,88,509,279,220,132,447,458,262,544,694,708,600,417,617,543,205,110,531,624,540,546,844,868,508,813,990
4,874,600,567,748,786,365,162,663,591,294,321,491,463,336,703,756,686,445,427,474,338,111,70,340,91,95,76,167,550,281,481,724,526,333,291,426,370,182,87,508,276,221,132,439,452,255,539,685,702,597,411,610,538,202,110,527,618,537,539,834,855,506,805,981
4,892,611,577,760,805,372,165,672,601,299,326,506,471,341,721,773,698,458,435,484,349,113,73,341,94,96,75,171,558,287,491,736,533,337,296,438,374,185,87,519,279,224,132,452,466,266,553,698,717,608,423,624,547,207,111,540,630,546,554,854,877,511,819,1003
4,872,606,567,751,799,371,163,666,589,298,319,505,469,337,720,762,693,453,432,482,346,109,72,338,94,96,73,170,553,283,491,725,523,335,289,436,373,182,88,515,272,221,132,448,464,263,543,696,708,605,421,619,542,204,110,533,628,543,549,843,867,506,809,1001
4,878,601,568,742,793,364,163,658,596,291,321,498,462,328,704,757,689,443,433,469,342,109,71,338,93,96,73,168,546,285,482,717,522,334,292,430,367,183,86,509,274,221,132,444,457,260,544,687,701,601,412,610,532,205,110,524,615,537,545,838,860,497,805,984
4,889,610,580,758,805,371,165,671,602,301,325,507,469,342,721,773,697,458,436,485,349,112,72,342,94,97,75,170,556,286,493,735,534,338,296,438,374,187,88,517,279,223,133,452,466,266,553,700,717,606,422,624,548,206,111,540,631,545,554,856,878,511,819,1003
4,872,598,569,748,788,365,162,661,591,294,321,492,461,337,704,755,686,448,427,474,338,110,70,341,92,97,75,166,547,281,482,724,525,333,291,426,370,184,88,507,275,221,132,439,453,255,539,686,704,596,410,609,539,201,110,527,617,537,539,836,858,504,804,982
4,886,610,579,755,806,372,164,670,601,300,323,506,469,337,722,769,698,457,436,484,350,111,72,341,93,97,74,170,554,285,489,734,534,338,295,437,374,187,88,515,279,222,132,450,463,265,548,700,712,607,420,621,545,205,110,536,631,545,553,850,874,509,820,1001
4,882,607,576,754,796,368,164,668,598,297,324,499,462,338,711,765,695,452,429,477,345,112,72,340,93,98,75,168,553,282,485,730,533,337,294,428,371,187,88,510,278,221,132,446,458,260,543,696,709,599,418,617,541,203,110,533,623,540,546,844,870,507,814,993
4,867,597,567,740,782,363,159,654,587,294,318,488,451,330,705,744,683,442,422,464,338,112,71,334,93,95,72,163,538,276,479,711,522,328,291,427,364,182,85,499,274,216,130,442,457,254,536,676,696,591,407,600,528,198,108,519,615,522,542,831,849,492,791,958
4,885,609,578,753,805,370,164,669,600,297,323,503,469,336,721,768,697,455,433,483,350,110,69,338,91,97,73,170,551,284,489,733,532,337,294,436,371,185,88,515,278,222,132,448,463,263,547,696,711,607,418,620,542,203,110,535,630,546,552,846,873,507,817,995
4,883,608,577,750,802,369,163,664,598,294,322,500,465,331,713,764,697,454,432,480,348,111,70,338,91,97,73,169,544,284,487,729,530,337,296,431,371,184,88,511,277,222,131,442,457,263,542,693,708,600,410,612,542,204,109,531,627,542,545,843,865,507,815,987
4,885,607,580,756,806,368,163,670,601,300,324,504,470,338,722,770,696,458,435,484,348,110,72,340,92,97,74,170,552,286,489,735,534,337,295,437,373,189,88,514,278,222,133,453,463,265,550,699,713,606,419,623,546,204,110,538,632,545,554,850,875,508,821,997
4,882,605,575,749,798,369,164,661,592,295,322,500,468,332,713,764,695,454,431,480,348,110,70,336,92,98,73,168,546,285,485,725,528,336,291,433,373,183,88,513,277,222,132,440,452,262,541,693,706,597,413,615,541,203,109,532,627,542,543,840,865,505,812,988
4,886,610,578,753,805,372,162,670,600,299,328,503,471,336,721,769,698,456,436,484,349,111,70,342,91,96,71,170,554,283,491,735,531,338,294,438,374,186,87,517,279,222,133,452,462,265,547,698,712,605,422,622,546,204,109,534,631,547,553,847,874,509,819,1001
4,891,611,578,760,805,372,165,672,602,300,323,508,470,340,723,771,698,458,436,483,350,112,72,342,94,97,75,170,557,287,492,736,534,338,296,438,374,187,88,518,279,223,133,450,465,266,552,700,717,607,422,623,546,206,111,540,631,547,554,855,877,510,820,1003
4,881,606,576,749,803,370,164,666,600,299,323,502,467,334,719,765,694,457,433,483,348,110,70,340,92,96,72,170,549,281,487,733,530,338,296,435,374,186,87,513,279,220,133,450,463,263,549,695,707,604,419,619,543,202,109,532,628,544,552,847,870,507,816,993
4,886,610,579,754,805,373,164,667,601,300,325,505,470,338,720,772,698,454,436,487,351,112,72,341,93,97,74,170,554,281,489,735,533,338,296,436,374,187,88,516,279,222,133,452,464,265,548,697,712,607,420,623,545,205,110,535,630,546,553,847,874,511,819,1000
4,891,612,579,758,806,372,165,672,602,300,325,507,469,341,722,771,698,458,436,485,350,112,72,342,94,97,75,170,557,286,493,735,534,338,296,438,374,187,88,518,279,223,133,452,466,266,553,699,717,607,422,622,547,206,111,539,631,547,554,855,876,510,819,1002
4,891,611,577,758,806,372,165,670,600,300,323,508,469,342,723,769,696,459,435,485,349,112,72,342,94,97,75,170,557,284,492,735,533,337,296,437,374,187,88,518,278,223,133,451,466,266,553,699,717,606,422,622,547,205,111,538,631,547,554,855,875,509,819,999
4,817,561,533,695,733,344,153,623,550,285,300,461,429,314,660,700,652,414,400,440,325,109,66,319,88,90,69,157,518,266,463,680,485,316,274,398,352,177,82,486,256,213,127,411,429,233,518,644,650,561,389,573,496,189,104,500,577,509,511,796,795,477,754,904
4,885,611,578,754,806,372,165,669,599,300,324,505,469,338,721,771,697,456,437,486,350,110,72,341,94,97,74,171,553,283,490,732,532,338,294,437,374,186,89,514,278,222,134,452,465,266,549,699,714,607,419,622,546,206,110,534,630,544,553,851,875,509,818,1004
4,864,603,563,739,796,369,163,662,587,294,312,500,461,334,716,749,690,449,428,478,345,108,72,334,93,95,73,169,549,279,490,718,516,334,287,433,370,180,86,512,267,220,128,442,461,262,538,689,700,604,413,610,534,203,109,528,623,539,544,839,856,499,802,976
4,855,584,565,723,773,352,160,642,580,285,306,486,447,314,687,740,672,435,411,459,334,108,64,326,91,92,69,159,528,276,467,697,512,327,285,419,352,182,81,495,263,209,127,419,438,249,523,665,686,580,397,588,517,193,105,505,610,524,514,811,838,479,782,939
4,887,610,577,755,806,372,164,670,601,299,326,504,469,337,721,771,697,457,435,484,349,111,72,341,93,97,74,170,554,281,490,736,533,338,296,437,374,187,88,516,278,223,133,452,464,265,548,698,712,607,422,622,544,204,110,534,632,546,552,849,876,509,820,1002
4,880,601,575,745,793,368,158,656,593,291,319,494,462,330,709,760,693,448,423,477,345,109,68,334,89,96,71,162,541,282,478,723,528,332,289,430,365,180,86,506,275,220,130,436,450,257,536,685,700,593,409,610,538,201,105,529,622,530,540,836,860,504,804,984
4,886,609,578,755,805,371,164,670,601,300,325,505,470,339,719,771,698,457,435,484,348,112,73,340,93,96,75,171,554,284,488,734,532,338,297,437,374,185,88,515,279,222,133,452,464,265,550,699,712,606,421,623,547,206,110,535,631,544,552,850,874,510,820,1000
4,882,607,575,754,796,369,162,671,598,297,322,500,463,337,712,763,695,453,430,476,345,112,72,342,92,97,75,168,554,283,486,731,533,335,294,430,371,187,88,509,278,221,132,445,457,261,541,696,708,602,417,615,542,204,110,533,624,540,547,842,868,508,814,992
4,886,610,578,755,806,372,164,670,601,300,323,506,469,337,722,769,698,457,436,484,350,111,72,341,93,97,74,170,554,285,489,735,533,338,296,437,374,187,88,516,279,222,133,450,463,265,548,699,712,607,420,621,545,205,110,536,631,546,553,849,874,509,820,1000
4,886,608,576,751,804,369,164,667,598,298,324,503,469,337,720,765,695,454,434,487,349,111,70,339,91,97,74,169,549,282,492,733,530,338,294,436,373,185,87,517,279,222,133,450,463,265,547,696,711,605,419,617,543,205,110,533,630,545,552,849,872,507,817,990
4,881,600,576,745,791,368,161,657,593,291,319,498,464,332,710,759,692,446,426,480,348,110,68,336,89,97,72,165,544,281,479,720,529,331,289,430,364,183,88,504,274,220,131,440,452,259,540,690,700,598,410,610,540,203,106,528,623,531,543,838,859,505,805,980
4,892,615,579,760,806,374,165,673,603,300,326,507,470,341,724,772,698,458,436,485,352,114,72,342,95,97,75,170,555,287,491,738,534,339,297,440,373,186,88,516,280,222,133,453,468,266,554,700,719,607,425,622,546,206,112,541,632,545,554,858,879,511,820,1004
4,886,610,579,754,806,371,164,670,601,300,325,504,470,338,720,772,698,456,436,486,351,111,71,340,93,96,74,170,554,281,490,736,533,338,295,437,373,187,88,516,279,222,133,453,464,265,549,695,712,607,420,623,546,205,110,535,630,546,554,846,874,512,817,1003
4,886,610,578,752,806,373,164,668,600,298,325,505,469,337,721,768,696,457,434,485,348,111,73,342,93,97,75,170,554,282,491,733,532,338,296,437,374,187,88,516,279,223,133,452,464,265,549,698,712,606,420,621,544,204,110,534,631,547,553,849,872,508,819,995
4,886,610,578,754,806,372,164,670,601,300,324,505,469,338,722,769,697,457,436,484,350,111,72,341,93,97,74,170,554,283,489,736,533,338,296,437,373,187,88,515,279,221,133,453,465,265,549,698,712,607,420,623,545,205,110,536,631,545,554,849,874,510,819,999
4,886,610,579,754,806,373,164,670,601,300,325,505,468,338,721,768,698,457,436,484,349,111,72,343,92,97,74,170,555,284,490,735,533,339,296,436,374,187,88,516,279,222,133,452,464,265,549,698,712,607,420,621,546,205,109,535,632,546,553,849,873,508,820,999
4,881,605,576,755,794,369,162,669,598,297,324,499,465,338,712,764,695,452,429,476,345,112,71,341,91,97,75,168,553,280,488,731,533,336,294,430,371,186,88,510,278,221,132,447,458,261,544,694,708,600,418,618,542,203,110,533,626,540,547,843,868,509,812,992
4,886,610,579,754,806,372,164,670,601,300,325,505,469,338,721,769,697,457,436,485,350,111,72,340,93,97,74,170,553,284,490,734,533,338,296,437,374,187,88,515,279,222,133,452,464,265,549,699,713,607,420,621,545,204,110,536,631,545,553,850,875,508,819,1001
4,863,595,570,731,783,363,160,660,588,289,318,491,452,320,695,746,684,449,417,464,338,110,72,336,91,95,75,165,541,274,478,717,520,330,291,422,362,186,87,499,266,219,131,441,448,258,532,687,695,593,408,596,532,199,107,514,617,531,531,826,850,500,801,973
4,886,609,578,753,806,372,164,668,600,299,325,506,469,338,721,768,696,457,435,485,349,111,72,341,93,97,73,170,554,282,490,733,532,338,296,437,373,187,87,516,278,222,132,452,465,265,551,698,712,606,421,621,545,204,110,534,632,545,553,851,872,508,819,995
4,886,607,577,751,802,370,162,667,596,296,326,500,470,334,717,764,697,456,434,483,348,111,71,338,91,96,72,169,549,283,488,732,530,338,291,435,374,184,87,514,279,222,132,445,455,265,543,695,709,599,416,616,546,204,108,533,628,544,546,845,867,509,815,990
4,883,604,580,752,801,370,162,665,598,300,324,503,468,335,719,766,693,456,432,478,348,111,72,340,92,97,74,169,551,285,486,731,532,335,296,438,370,188,88,511,279,221,132,452,463,262,549,698,711,603,417,620,540,203,110,536,632,539,552,846,870,506,816,994
4,884,610,576,756,796,371,163,671,599,300,325,500,464,338,715,764,696,453,432,478,348,114,72,342,94,97,75,168,551,284,489,736,533,337,295,433,371,187,88,512,279,222,133,451,462,261,548,698,711,602,421,616,543,204,111,535,626,539,552,850,872,509,816,996
4,845,572,559,722,756,360,152,635,576,276,308,477,446,318,683,737,664,426,404,458,330,109,68,327,85,95,69,156,519,267,460,694,514,324,283,412,350,174,83,475,270,208,129,421,437,244,518,665,674,578,394,595,514,192,103,505,602,502,521,810,838,484,774,941
4,886,609,579,754,803,371,165,670,601,299,324,506,470,339,719,770,697,456,435,485,350,111,72,340,93,98,74,170,554,284,490,733,533,336,296,438,373,187,88,516,278,222,133,452,465,265,549,698,712,608,420,621,547,205,110,535,631,545,553,849,873,509,819,1002
4,886,610,579,754,806,372,164,670,601,300,325,505,469,339,721,769,698,457,436,486,351,110,72,339,93,97,74,170,554,283,490,734,533,338,296,437,374,187,88,516,279,222,133,452,464,265,549,698,712,607,420,621,546,204,110,536,631,546,553,849,873,509,819,1000
4,858,587,567,726,773,359,155,645,580,284,313,487,449,318,689,740,682,437,412,462,336,109,67,330,87,94,72,159,530,271,466,704,514,324,285,417,359,179,86,489,263,218,128,428,442,248,523,679,684,584,400,591,525,196,103,508,610,518,524,816,837,494,792,957
4,888,610,578,754,805,372,164,670,600,301,325,505,470,336,719,770,697,457,438,483,351,111,71,341,93,97,74,169,552,284,491,735,532,338,296,435,375,187,88,516,279,222,133,452,464,265,549,698,713,606,419,623,544,205,110,535,629,546,553,850,875,509,819,999
4,860,582,557,731,771,363,152,635,577,280,311,480,450,323,700,740,672,434,410,462,335,108,68,328,86,93,69,158,529,269,468,702,511,325,283,418,355,175,84,488,272,215,129,424,444,250,524,665,684,582,399,602,517,195,103,517,603,513,530,821,844,491,773,949
4,887,609,579,754,803,372,165,670,602,297,325,508,470,339,719,770,695,456,436,486,352,110,71,340,93,98,73,169,554,281,489,736,534,337,296,437,372,187,88,515,278,222,132,452,464,264,550,700,713,608,421,621,546,205,109,535,631,545,553,849,875,511,820,1000
4,886,610,579,755,806,372,164,670,601,300,323,506,469,337,722,769,698,457,437,484,351,111,72,341,93,97,74,170,553,285,489,735,534,338,295,437,374,188,88,515,279,222,132,450,463,265,548,699,712,607,419,621,545,205,110,536,631,546,553,849,874,509,820,1000
4,886,609,579,755,805,372,164,670,601,300,325,505,470,338,721,769,697,457,436,485,350,111,72,341,93,97,74,170,553,283,489,734,533,338,296,437,374,187,88,513,279,222,133,452,464,265,549,700,713,607,420,621,546,205,110,535,631,543,553,851,873,510,820,999
4,885,609,579,754,806,373,164,669,601,300,325,505,469,336,721,771,699,457,435,484,349,111,72,341,93,97,74,170,553,284,490,734,533,339,296,437,374,186,88,517,279,222,133,452,464,264,548,698,710,607,421,622,546,204,110,534,632,546,553,847,874,510,819,1003
4,883,608,576,754,796,371,162,671,599,299,325,500,464,339,712,764,697,453,430,477,347,114,72,342,93,97,75,168,555,283,489,736,533,336,295,433,371,186,88,514,279,223,133,449,460,261,547,698,709,602,422,615,543,204,111,536,626,539,550,849,870,511,817,996
4,886,606,577,753,803,368,163,669,600,297,321,503,465,338,718,766,693,457,433,477,343,110,71,340,93,95,75,167,552,287,487,730,530,336,294,438,370,184,87,510,277,221,131,447,464,262,547,692,713,604,417,619,544,202,109,537,628,538,549,847,873,505,811,1000
4,873,598,567,739,789,359,161,655,592,292,311,488,455,326,709,757,684,445,424,474,342,108,66,330,90,95,69,162,541,283,477,712,522,333,290,426,364,179,83,508,273,213,130,428,447,256,531,676,698,589,403,608,532,200,106,521,616,533,534,830,856,493,794,962
4,814,565,527,685,737,341,151,618,541,281,295,455,422,305,653,695,648,414,402,429,320,105,64,317,86,90,67,156,512,264,457,667,481,312,268,397,345,170,80,480,253,207,126,410,427,234,508,638,647,557,373,566,492,189,104,485,578,497,508,789,784,466,750,891
4,846,591,553,717,761,360,156,652,572,285,313,480,443,317,681,732,669,433,413,445,329,110,68,334,89,93,72,160,539,272,471,702,513,319,280,417,357,179,82,493,263,215,128,439,447,246,529,670,676,586,403,595,513,194,108,507,604,517,532,815,832,489,784,957
4,878,607,574,745,790,370,162,670,595,296,325,500,460,334,700,760,694,451,429,470,347,114,72,341,93,95,75,167,551,282,485,731,528,334,294,429,367,186,86,510,273,221,131,448,457,258,548,696,702,600,419,611,540,204,110,529,624,536,542,843,866,509,811,990
4,860,595,563,726,781,361,161,655,581,296,318,481,453,323,699,742,682,446,422,467,339,110,71,333,92,96,73,162,534,271,480,714,522,328,287,423,369,183,86,506,277,222,132,439,451,251,534,665,681,588,403,601,527,199,105,506,610,531,546,821,835,493,795,949
4,869,602,569,749,789,368,162,664,591,296,324,496,461,331,708,762,691,450,427,470,343,114,72,338,93,97,73,166,550,276,484,731,529,330,293,430,370,185,87,512,279,222,132,446,460,258,545,688,701,600,419,613,536,200,108,527,619,538,550,843,862,506,813,990
4,845,583,556,715,771,362,159,638,572,290,318,482,445,319,695,725,671,438,419,461,336,114,71,334,92,96,71,163,529,265,476,704,515,324,282,416,364,183,84,500,275,218,132,442,455,248,537,670,670,584,405,593,517,195,108,502,598,526,546,825,823,488,788,939
4,855,596,563,733,784,366,156,650,583,292,322,488,452,324,707,746,683,444,423,468,342,113,72,332,91,96,73,159,540,271,473,712,519,325,289,425,366,183,83,503,275,221,133,444,457,254,537,675,690,590,410,604,527,195,108,511,610,525,545,834,846,492,796,963
4,883,608,574,754,795,370,163,667,597,299,325,499,465,340,711,765,694,449,431,480,346,114,72,341,94,97,75,168,552,281,489,734,533,335,295,433,372,186,88,513,279,223,132,449,460,260,547,698,709,603,421,615,542,202,111,535,626,539,551,848,872,509,816,994
4,882,610,575,753,795,371,163,670,598,297,325,498,463,339,709,766,696,453,430,477,347,114,72,342,94,96,75,168,552,282,488,734,534,334,295,432,370,186,88,510,277,222,132,449,459,260,546,696,707,602,419,615,544,204,110,533,625,538,548,846,869,511,815,994
4,879,607,572,747,791,370,162,668,598,294,325,499,459,335,703,759,693,450,429,466,345,114,73,340,93,96,76,168,553,283,487,729,528,334,294,430,365,185,87,511,273,224,132,448,461,259,545,695,704,601,421,614,538,203,111,533,623,533,544,845,867,507,809,989
4,882,610,575,754,796,371,163,671,600,297,324,499,464,339,714,765,697,452,429,480,348,113,72,341,93,97,75,168,553,284,489,734,533,336,295,433,371,185,88,514,279,221,132,450,460,260,548,698,708,602,421,615,543,205,110,535,625,542,551,849,870,510,817,997
4,500,374,346,437,485,218,115,388,354,181,206,287,271,193,438,432,419,276,269,271,193,65,47,219,65,65,48,111,337,177,309,425,312,202,170,269,236,117,58,335,167,152,85,269,276,163,323,429,427,354,244,357,321,123,70,311,370,347,334,527,496,289,502,570
4,882,606,576,754,796,367,163,671,597,296,323,500,463,338,712,763,693,453,429,477,345,111,71,341,93,97,75,168,554,283,486,730,534,336,293,429,370,187,87,510,278,221,131,446,456,260,543,697,709,601,417,616,541,204,112,532,624,540,547,842,870,508,812,994
4,885,610,579,753,807,371,162,670,601,300,324,505,468,338,722,768,698,457,436,485,350,111,72,340,92,97,73,169,553,283,489,735,532,337,295,437,374,186,87,515,278,220,133,452,464,266,547,697,712,606,420,622,545,206,110,535,630,545,552,848,875,509,817,1000
4,869,601,572,744,802,365,162,660,595,297,319,500,462,335,717,764,691,454,432,480,343,107,70,337,90,96,73,170,545,282,482,728,523,335,292,436,371,182,88,511,275,219,133,445,460,261,540,685,703,600,415,618,542,203,109,530,626,539,546,831,870,504,803,994
4,887,610,578,754,805,372,164,669,600,299,324,507,470,339,720,771,697,457,436,485,351,111,72,341,93,97,74,170,554,282,489,733,533,337,296,436,373,187,88,516,278,222,133,452,466,264,549,697,712,606,420,625,546,206,110,532,631,546,553,847,873,509,819,1004
4,887,611,579,752,808,370,163,670,601,300,324,505,468,341,721,770,698,457,438,486,351,110,72,340,92,97,74,170,553,284,490,735,531,337,294,439,374,187,88,516,278,222,133,452,465,265,549,696,713,606,419,623,546,207,110,536,630,546,553,848,875,509,817,1000
4,884,605,577,752,803,370,164,667,598,297,324,504,467,335,721,767,693,456,433,483,345,111,72,340,93,97,74,170,550,284,488,729,531,338,295,436,374,187,88,512,278,222,133,450,465,263,547,697,710,604,418,620,544,201,110,532,630,545,551,848,870,505,818,996
4,884,608,579,754,806,372,164,670,601,300,325,505,469,338,720,770,696,458,435,485,349,111,72,340,92,97,75,170,555,284,490,735,532,339,296,437,373,185,88,517,280,222,133,451,465,265,548,699,713,607,421,621,546,205,110,537,631,544,552,851,873,511,820,1000
4,886,610,578,754,806,372,164,669,601,299,326,505,469,338,721,770,698,457,435,485,350,111,72,341,93,97,75,170,554,285,488,734,533,337,296,438,373,187,89,515,279,223,133,453,465,265,549,697,711,607,422,621,546,205,110,536,631,545,553,848,873,509,819,1000
4,885,609,579,757,804,372,164,666,601,300,326,504,475,339,718,773,698,455,435,488,350,111,72,340,93,96,74,169,551,283,490,735,535,335,296,437,374,186,88,518,279,224,133,450,462,266,549,693,712,607,421,623,548,205,108,535,630,546,552,847,875,508,818,1003
4,853,588,560,728,768,358,154,648,571,291,316,479,447,319,691,734,676,438,412,454,335,113,69,331,90,95,71,159,532,271,476,701,514,318,289,417,363,183,84,497,272,218,131,435,446,247,535,665,685,581,396,593,515,194,108,506,605,522,538,820,833,485,784,955
4,884,611,579,754,807,372,164,670,601,299,325,505,469,338,722,768,698,457,437,485,349,110,71,342,93,96,74,170,553,284,490,735,532,338,295,438,374,186,88,514,278,221,133,453,463,266,547,702,714,607,419,620,547,205,110,536,631,546,552,850,875,510,820,999
4,885,610,579,754,807,371,162,670,601,300,325,505,468,338,723,770,698,457,436,485,350,111,72,340,92,97,73,170,553,283,490,735,532,337,296,438,374,186,88,516,279,221,133,452,464,265,549,698,713,606,420,622,544,206,110,535,631,546,554,849,876,509,818,1000
4,884,608,579,754,806,372,164,670,601,300,325,505,469,338,720,770,696,458,435,485,349,111,72,340,92,97,75,170,555,284,490,735,532,339,296,437,373,185,88,517,280,222,133,451,465,265,548,699,713,607,421,621,546,205,110,537,631,544,552,851,873,511,820,1000
4,885,610,578,754,805,372,166,669,599,299,325,505,469,338,720,771,697,456,436,487,350,110,71,342,95,97,74,169,553,283,490,734,531,339,295,436,374,186,88,514,278,222,134,453,465,266,548,699,714,607,419,621,547,206,110,535,629,544,553,851,874,511,819,1004
4,870,597,564,741,783,367,161,663,589,292,321,492,458,334,697,750,683,446,426,467,340,112,71,341,92,95,76,165,550,279,484,726,521,333,291,425,366,183,86,509,271,223,132,441,453,254,541,689,699,597,413,607,534,202,110,526,619,533,538,839,854,505,806,978
4,883,609,574,756,796,371,163,671,598,299,326,500,465,339,714,764,696,454,431,477,347,114,72,342,94,96,75,168,553,283,488,736,533,336,296,433,372,186,87,513,280,223,133,450,460,261,546,698,709,602,422,617,544,204,111,534,626,539,552,847,872,510,816,998
4,869,597,564,741,782,364,161,664,590,292,322,492,455,336,696,751,684,442,427,465,341,110,70,340,92,95,74,165,550,280,484,725,522,332,291,426,364,183,85,508,271,222,132,441,453,253,538,687,695,599,413,606,532,204,110,527,619,530,538,834,854,505,802,983
4,882,610,574,754,794,371,163,671,599,299,325,499,466,339,713,764,694,451,432,478,348,114,72,342,94,97,75,168,552,283,489,736,534,335,295,434,372,187,88,512,279,223,134,448,460,261,545,699,710,603,421,616,542,204,111,535,626,539,550,850,872,509,818,997
4,882,609,576,754,794,370,163,672,598,299,325,500,466,338,711,765,697,452,428,478,347,114,72,341,94,97,75,168,554,283,489,735,534,337,294,432,371,186,88,513,279,223,133,450,460,261,548,697,709,601,424,616,543,204,111,535,626,538,551,848,871,510,816,996
4,879,608,573,748,792,370,162,670,597,296,324,499,461,336,702,759,693,452,430,470,346,114,72,342,93,95,75,167,552,282,488,731,530,334,294,430,366,186,86,510,273,221,132,448,458,259,545,695,704,601,419,611,541,204,110,531,624,535,543,843,865,509,811,989
4,859,590,564,729,781,366,157,648,582,293,317,483,452,325,702,735,683,443,418,466,342,114,71,334,92,95,70,162,531,275,478,712,516,328,288,422,365,183,83,501,273,217,133,440,452,253,539,678,683,588,405,597,521,198,109,517,608,525,542,836,842,491,795,948
4,882,607,576,747,799,368,164,664,595,298,321,501,465,335,710,764,693,452,434,478,347,110,70,339,94,97,74,167,549,281,486,727,531,336,291,436,372,184,88,509,278,221,133,449,460,262,546,692,707,602,415,613,539,204,110,531,627,537,551,841,864,506,812,994
4,883,601,576,744,791,362,162,655,589,296,319,494,460,330,706,756,690,449,426,474,344,111,70,333,92,96,74,167,542,280,483,714,528,332,292,430,368,184,88,506,276,219,128,441,450,258,538,684,704,589,403,605,535,201,109,523,624,535,542,828,850,500,802,979
4,877,600,573,741,788,361,162,648,585,292,318,494,459,329,698,756,687,442,425,474,343,110,68,330,92,95,73,165,535,280,478,709,524,331,289,425,365,179,87,502,272,217,129,433,448,257,529,680,703,586,400,601,533,202,108,520,619,527,531,824,850,498,798,974
4,885,610,578,754,805,372,166,669,600,299,324,506,469,338,721,770,696,456,437,486,350,110,71,342,95,97,74,169,553,283,490,734,532,339,295,437,374,186,88,515,278,222,134,452,465,266,548,699,714,607,419,621,546,206,110,534,630,545,553,851,874,509,820,1003
4,886,611,578,753,806,372,164,672,600,300,325,505,470,338,721,768,698,457,434,486,349,111,71,340,92,97,74,170,555,284,490,735,532,338,297,437,374,185,88,517,280,221,133,452,463,264,549,699,712,608,421,621,546,204,110,535,632,546,553,848,874,509,819,1002
4,886,609,579,754,806,372,164,670,601,300,325,505,469,338,721,768,697,457,436,484,350,111,72,341,93,97,74,170,554,284,490,735,532,338,296,437,374,187,88,515,279,222,133,453,466,265,549,698,713,608,420,621,544,205,110,537,630,545,554,850,873,508,820,996
4,883,610,574,755,797,372,163,670,597,299,325,500,465,339,713,765,696,453,431,480,348,114,72,343,94,97,75,168,552,283,489,734,532,336,295,432,372,187,88,512,278,223,133,450,462,260,547,699,712,603,420,615,543,204,111,533,626,540,551,849,872,510,817,997
4,856,594,560,736,779,366,158,651,578,293,319,485,451,325,701,745,683,443,419,464,341,114,72,332,93,96,72,161,538,273,480,714,517,323,290,423,367,183,84,504,273,220,133,442,455,252,541,678,688,594,406,600,522,196,108,518,609,528,544,838,845,495,798,964
4,815,554,533,681,727,337,151,613,547,283,291,452,418,308,647,686,642,408,399,427,318,108,65,315,88,90,68,155,507,264,456,664,483,313,270,395,345,173,81,480,251,205,125,403,420,229,509,629,643,550,372,558,488,188,104,483,575,500,500,778,780,462,738,884
4,879,608,579,749,803,368,164,667,599,298,321,503,468,337,720,761,694,455,433,483,349,110,72,337,92,96,75,171,545,284,489,729,531,335,296,437,371,187,88,512,277,220,133,450,462,264,547,694,711,604,414,617,542,204,110,532,631,544,549,844,871,502,812,983
4,846,578,555,714,756,353,154,642,564,287,313,476,439,309,675,721,669,430,409,438,332,113,70,325,90,93,71,160,527,269,472,686,502,317,284,411,353,182,83,493,262,215,131,429,445,244,529,656,676,577,392,582,505,192,107,495,599,514,522,812,817,477,771,926
4,885,610,578,754,807,372,164,668,601,298,325,505,469,339,722,771,697,458,435,485,349,111,72,340,93,97,74,170,555,284,489,734,533,338,296,437,372,185,88,517,279,220,133,453,464,265,548,699,712,605,420,625,547,205,110,537,631,547,552,848,874,511,819,1000
4,886,609,579,755,806,372,164,669,600,300,325,505,470,340,721,768,699,457,436,484,349,111,72,341,93,97,75,170,553,284,488,735,533,338,295,436,374,187,88,516,279,222,135,452,465,263,549,699,711,607,420,624,547,204,111,534,630,546,552,849,874,509,819,1000
4,887,611,579,754,805,372,164,670,600,300,325,506,470,338,721,769,698,456,435,486,350,111,72,340,93,97,75,170,551,284,489,736,533,337,296,437,374,187,88,516,279,222,133,451,464,263,547,700,713,607,421,621,546,204,111,534,631,546,551,847,877,510,818,1003
4,886,610,579,754,806,372,164,670,601,299,325,506,469,338,721,769,697,457,437,485,350,111,72,341,93,97,74,170,552,284,488,735,533,338,296,437,373,186,88,515,279,222,133,452,464,263,549,701,713,607,419,621,547,206,110,533,631,544,553,849,875,511,819,1002
4,884,609,579,755,806,372,164,669,601,300,325,505,470,337,721,771,697,457,436,485,350,111,71,340,93,97,73,170,553,283,490,734,533,338,296,437,374,186,88,517,279,222,133,452,464,265,549,698,713,607,420,622,545,204,110,534,631,546,554,849,875,508,820,1004
4,886,608,579,756,806,372,163,669,601,300,325,505,469,338,722,770,696,457,436,485,349,111,72,341,93,97,73,170,553,284,490,734,533,338,296,437,374,187,88,515,279,222,133,452,464,265,549,699,714,607,420,621,545,204,110,536,631,545,554,850,876,508,819,1000
4,885,610,579,755,806,373,163,669,601,300,325,504,470,338,721,769,697,457,435,484,350,111,73,342,93,97,73,171,552,283,490,736,534,338,295,437,373,187,88,516,279,222,133,452,464,265,549,698,713,606,421,622,544,206,110,534,631,545,554,849,876,508,819,1001
4,887,606,578,751,804,367,164,667,597,301,323,504,470,335,718,769,692,454,436,484,347,110,70,339,93,96,73,170,550,283,489,732,530,337,294,437,375,186,88,515,277,222,133,449,464,263,547,696,713,605,418,621,541,204,110,533,629,545,550,846,874,507,816,995
4,886,610,579,753,806,371,164,671,601,300,325,505,469,336,721,770,696,457,436,485,347,110,72,340,93,97,74,170,553,285,490,734,533,338,296,437,374,187,88,515,279,222,133,451,464,265,548,699,713,607,420,621,546,202,110,536,631,545,553,849,875,509,819,1000
4,885,608,579,755,806,371,165,668,601,300,324,503,471,337,721,770,695,460,435,483,349,110,71,341,92,97,74,170,554,284,489,735,534,336,295,437,373,188,88,514,278,222,133,453,462,264,549,700,713,606,419,624,545,203,109,539,631,544,554,849,875,510,820,998
4,837,577,551,696,756,351,155,638,556,287,308,468,429,305,670,705,665,431,408,439,332,111,68,324,91,92,70,158,519,269,468,676,501,316,280,404,354,181,82,486,263,210,129,425,438,240,522,646,656,573,380,572,501,191,106,485,593,512,520,799,795,469,764,897
4,886,608,578,754,805,372,164,667,600,300,325,504,470,337,721,771,695,455,436,486,349,111,72,341,93,97,74,168,554,282,489,735,532,338,295,438,374,187,86,518,279,222,133,452,463,264,548,698,713,607,420,621,544,204,110,534,631,546,553,849,874,509,821,995
4,886,608,578,754,805,372,164,667,600,300,325,505,471,337,721,770,696,455,436,486,350,111,72,341,93,97,74,168,553,281,489,735,532,338,296,437,374,187,86,518,279,222,133,452,463,265,548,698,712,607,420,622,544,205,110,532,631,546,553,849,874,508,821,995
4,885,610,578,754,805,372,166,669,600,299,324,506,469,338,721,770,696,456,437,486,349,110,72,341,95,97,74,170,553,283,490,733,532,339,295,437,374,185,88,515,278,222,134,452,465,267,549,699,714,607,419,621,547,206,110,534,630,544,553,852,874,509,819,1003
4,886,611,578,753,807,372,164,669,601,300,325,504,468,338,720,771,698,458,435,486,349,111,72,341,93,97,75,170,554,284,489,734,533,336,296,437,373,187,89,517,278,224,135,452,464,265,547,698,711,607,421,621,548,204,110,534,630,545,553,848,874,509,820,1002
4,886,609,579,755,806,371,165,669,601,300,325,505,469,339,720,770,697,456,436,486,349,111,73,340,94,97,74,170,552,284,490,734,533,338,296,437,374,188,88,516,279,223,133,451,464,263,549,699,713,608,420,620,546,204,109,535,630,546,553,849,876,508,819,1002
4,885,610,578,754,805,372,166,669,600,299,324,506,469,338,721,770,696,456,437,486,350,110,71,341,94,97,74,170,553,283,491,733,532,339,295,437,374,186,88,515,278,222,134,452,465,266,549,699,714,607,419,621,546,205,110,535,631,545,553,851,874,509,819,1003
4,877,601,573,743,799,364,164,663,594,297,323,498,465,332,715,760,690,450,433,480,344,110,70,335,92,97,73,169,546,281,487,725,528,338,292,434,370,186,87,515,278,221,133,443,455,263,545,687,701,600,414,615,540,201,110,526,628,543,544,840,864,501,807,976
4,885,608,578,754,803,371,164,670,600,300,327,504,472,337,720,768,696,454,436,485,350,111,71,341,92,97,74,169,553,282,491,735,532,338,296,437,373,187,87,517,279,222,134,453,463,265,548,699,712,608,421,621,545,205,110,533,632,545,552,849,874,509,819,994
4,885,608,578,754,803,371,164,670,600,300,327,504,472,337,720,768,696,454,436,485,350,111,71,341,92,97,74,169,553,282,491,735,532,338,296,437,373,187,87,517,279,222,134,453,463,265,548,699,712,608,421,621,545,205,110,533,632,545,552,849,874,509,819,994
4,884,609,577,753,804,371,164,669,597,299,326,504,470,337,721,768,695,456,436,485,350,111,72,339,93,97,74,170,552,283,488,733,530,336,294,438,374,187,88,515,279,223,133,452,464,264,549,698,713,608,418,621,544,205,110,533,629,545,553,848,874,508,817,997
4,883,612,575,753,798,373,163,673,598,299,326,499,464,338,712,766,697,454,432,479,349,115,72,343,94,97,75,168,552,283,490,734,533,336,295,433,371,186,88,511,279,222,133,451,461,260,547,697,708,605,420,615,544,205,111,533,626,537,551,847,872,512,814,994
4,886,609,579,751,808,370,164,670,599,301,325,506,468,338,720,769,697,458,437,485,349,111,72,341,93,97,74,170,553,284,490,735,529,338,295,438,374,188,88,516,279,222,133,452,465,265,549,698,713,607,420,621,546,205,110,535,629,546,553,849,875,509,818,999
4,886,610,578,754,805,372,164,670,600,300,326,505,470,338,721,769,696,457,436,485,350,111,72,341,93,97,74,170,553,284,490,734,532,337,297,438,374,187,88,515,280,222,133,452,464,265,549,699,714,607,420,621,545,205,110,535,631,545,553,850,875,508,819,1000
4,854,578,560,725,771,344,157,630,579,284,308,476,447,320,692,734,665,429,409,458,331,105,63,322,88,93,67,157,518,276,460,691,514,325,284,414,350,178,81,484,271,207,127,421,440,244,523,661,684,575,394,593,511,193,104,513,600,508,523,809,841,481,768,920
4,886,610,578,754,805,372,164,670,600,300,326,505,470,338,721,769,696,457,436,485,350,111,72,341,93,97,74,170,553,284,490,734,532,337,297,438,374,187,88,515,280,222,133,452,464,265,549,699,714,607,420,621,545,205,110,535,631,545,553,850,875,508,819,1000
4,886,610,579,754,805,371,164,669,601,300,325,505,469,338,721,772,697,454,436,487,349,111,71,341,93,97,74,169,555,283,490,733,533,337,296,436,374,187,87,516,279,222,133,453,466,265,548,698,713,608,420,623,546,204,111,535,629,545,554,850,874,510,819,1001
4,886,608,579,756,806,372,163,669,601,300,325,505,469,338,722,770,696,457,436,485,349,111,72,341,93,97,73,170,553,284,490,734,533,338,296,437,374,187,88,515,279,222,133,452,464,265,549,699,714,607,420,621,545,204,110,536,631,545,554,850,876,508,819,1000
4,885,610,579,754,808,372,163,670,600,300,325,505,467,338,722,769,699,457,437,485,350,111,72,341,93,97,73,170,553,285,490,735,533,338,296,437,374,187,88,516,279,222,133,452,463,265,550,698,711,608,418,620,546,205,110,536,632,546,554,849,874,509,819,998
4,885,611,579,753,807,372,163,669,600,300,324,506,469,339,721,771,699,457,436,486,350,110,72,341,91,97,74,170,553,284,490,734,531,336,295,438,374,187,87,516,277,222,133,452,466,265,550,697,713,607,420,623,547,205,110,535,632,545,552,850,875,509,818,1001
4,887,610,578,754,805,372,164,670,601,300,326,505,469,338,721,769,700,455,436,485,349,111,70,341,92,97,73,169,554,284,490,735,530,337,297,437,376,185,87,516,279,222,133,454,464,265,546,701,712,609,421,621,546,204,110,536,629,545,555,848,876,509,820,1001
4,882,607,578,752,806,371,164,667,600,299,326,505,469,338,720,767,696,457,436,484,348,111,72,340,93,97,74,170,551,282,489,733,532,338,297,436,374,187,88,514,280,222,133,451,463,264,549,696,709,606,419,622,545,203,110,534,630,545,552,847,873,507,816,993
4,819,567,536,691,745,345,153,630,545,279,300,464,432,308,663,700,653,423,400,437,321,107,65,321,88,90,68,156,520,265,462,680,485,313,269,402,351,174,80,485,254,214,127,420,433,235,518,649,654,567,382,574,497,187,104,492,582,507,520,796,794,472,764,902
4,882,606,576,752,804,369,164,664,599,298,324,502,468,338,718,766,695,454,434,484,347,109,69,340,93,96,73,168,550,281,488,732,531,338,297,434,371,186,86,514,279,220,133,449,461,263,545,695,708,604,416,621,545,202,110,533,629,543,551,844,871,507,815,992
4,887,610,578,755,806,371,163,671,601,299,325,504,469,339,722,770,698,457,435,486,350,111,72,340,93,97,73,170,554,284,489,735,533,337,296,438,374,187,88,515,279,222,133,452,464,265,549,697,712,607,420,621,546,205,110,536,631,546,554,849,873,509,820,999
4,838,575,556,702,761,342,158,635,568,286,302,477,443,308,675,726,653,430,410,454,325,104,62,319,89,92,69,159,525,272,460,677,501,325,277,415,350,179,82,488,260,211,125,415,436,242,519,649,675,570,392,581,509,186,107,491,603,510,513,793,816,472,766,933
4,885,611,578,753,807,372,163,669,601,300,324,506,468,339,721,771,698,457,437,485,350,110,72,341,93,97,74,170,553,284,490,734,531,337,296,438,374,187,88,516,277,222,133,452,466,265,549,697,713,606,420,623,546,205,111,535,631,546,552,849,875,509,818,1001
4,886,608,579,755,807,372,164,671,601,300,323,506,468,337,720,770,696,459,436,483,350,111,72,341,94,97,74,169,555,285,490,735,534,338,295,437,373,187,88,517,279,222,132,450,463,263,548,699,712,609,420,620,544,205,110,536,630,546,553,848,875,510,819,1004
4,883,606,579,751,805,370,164,668,598,300,322,504,465,334,717,764,693,457,435,479,349,111,72,339,94,97,74,169,551,285,489,728,533,337,294,435,369,187,88,516,277,220,131,448,462,263,547,695,710,606,416,615,541,204,110,531,630,543,548,846,869,504,814,987
4,880,599,576,742,797,360,164,658,591,298,320,496,462,331,714,756,687,447,430,481,344,110,70,333,92,97,73,169,544,281,484,716,527,337,291,432,366,186,87,513,275,217,132,440,453,263,541,683,704,596,408,608,538,202,110,520,628,540,538,835,857,495,802,961
4,886,607,579,757,804,372,163,670,601,300,325,506,471,338,722,769,696,457,436,485,350,111,71,341,92,97,74,170,553,284,490,734,533,338,296,437,374,186,88,516,279,222,133,452,465,265,548,698,714,607,421,621,546,205,111,534,632,545,553,848,874,509,818,1002
4,885,611,579,753,807,373,164,670,600,300,325,505,468,335,721,770,698,456,437,484,351,111,72,341,93,97,74,170,553,284,490,735,532,339,295,436,374,187,88,516,279,222,134,452,465,265,549,698,713,608,419,621,544,205,110,534,630,546,553,850,875,509,819,999
4,886,608,578,754,806,371,164,668,600,300,325,505,469,339,721,768,696,457,436,485,348,111,72,341,93,97,74,170,554,282,490,733,532,338,296,437,374,187,88,516,279,222,133,452,463,265,549,698,712,606,420,621,546,204,110,534,631,546,553,848,873,508,818,997
4,860,593,560,735,778,367,159,651,582,291,320,491,454,322,698,748,682,443,421,459,341,114,72,336,93,95,72,162,541,273,478,713,516,323,290,425,363,184,83,503,271,220,132,443,457,254,540,680,689,595,413,604,523,198,108,516,608,526,542,836,849,496,797,968
5,863,605,564,742,798,368,162,661,588,294,318,501,464,326,709,757,689,453,426,472,347,112,74,332,94,95,77,166,550,278,483,718,519,332,288,431,361,184,86,511,270,219,134,447,463,263,539,690,701,599,422,611,534,202,110,526,617,535,541,841,856,505,804,990
5,888,608,576,759,806,367,165,672,599,299,325,506,468,337,718,771,697,457,432,483,350,114,74,338,95,97,77,169,557,284,488,733,533,337,295,434,367,188,88,514,279,221,135,452,468,268,549,698,713,607,427,618,546,207,111,538,625,541,550,856,872,513,817,1005
5,881,609,574,756,806,369,163,668,598,299,325,504,468,334,719,772,698,455,433,484,353,115,74,337,95,97,76,168,553,284,486,731,528,337,295,435,367,188,88,514,278,221,135,453,467,267,548,697,713,605,425,618,544,206,111,535,624,541,551,854,873,511,817,1005
5,865,593,563,736,789,365,161,664,588,289,313,496,461,327,701,752,676,453,418,470,341,110,74,329,94,93,75,165,546,275,477,713,516,331,288,427,354,182,84,499,267,212,130,446,459,261,541,690,699,602,417,607,532,197,108,520,613,526,536,844,859,494,801,983
5,923,610,576,762,807,370,165,675,602,301,326,506,470,338,722,775,698,458,435,484,351,115,74,340,95,97,77,169,560,286,492,737,535,340,295,435,369,188,88,520,281,222,136,453,469,268,552,698,715,608,429,624,548,207,111,541,627,545,553,859,877,515,818,1006
5,892,611,576,762,807,370,165,675,602,301,325,506,470,338,722,774,699,458,435,484,351,115,74,340,95,97,77,169,559,287,492,739,535,340,295,435,369,188,88,520,281,222,137,453,469,268,552,698,715,608,428,623,548,207,111,542,627,545,554,859,876,516,819,1006
5,912,608,576,754,797,369,163,671,598,298,324,499,463,339,713,765,695,454,432,477,346,114,72,342,94,96,75,168,552,282,484,737,533,336,294,433,372,187,88,509,278,223,133,450,459,261,548,697,709,602,419,616,543,204,110,533,626,539,550,848,872,509,818,997
5,911,601,568,749,791,368,163,664,590,294,322,500,465,337,709,759,688,452,431,477,345,112,69,341,93,97,75,166,550,283,485,724,524,332,292,432,372,184,88,508,275,222,130,439,458,259,545,688,706,600,415,612,540,203,111,531,622,540,539,845,860,505,807,992
5,901,604,574,750,796,366,162,665,594,296,322,498,462,335,709,763,693,452,429,476,345,113,72,339,94,96,75,167,549,279,480,729,527,333,293,433,370,187,88,505,275,223,132,448,456,260,544,696,707,600,416,610,539,203,110,529,623,535,548,843,866,506,816,994
5,864,593,570,738,798,359,162,654,589,293,318,497,458,324,710,755,685,450,422,476,342,112,70,331,92,96,75,166,543,278,479,710,522,334,289,425,360,186,86,508,272,218,134,438,456,264,534,678,692,595,416,608,532,200,110,518,618,534,534,830,856,493,793,968
5,849,581,562,731,771,362,151,633,581,282,313,486,450,312,695,745,676,433,408,461,338,112,69,323,87,92,73,155,523,270,463,696,516,322,286,414,355,175,84,487,269,214,132,427,446,249,518,670,680,584,403,597,513,194,102,510,600,514,525,815,845,487,779,962
5,874,601,574,749,802,367,162,665,595,296,323,505,467,330,717,766,693,455,427,483,347,111,74,336,92,96,76,168,552,280,484,723,526,335,294,432,368,187,87,513,276,223,135,450,464,266,543,695,705,605,424,616,541,204,110,526,623,540,549,845,866,505,813,1003
5,836,568,551,716,761,347,153,624,571,280,308,478,439,312,683,727,656,425,406,452,329,109,67,320,88,92,69,154,519,271,457,685,503,318,284,406,342,178,79,490,264,207,131,415,442,241,510,652,673,573,396,587,505,192,104,500,588,510,509,800,829,477,758,926
5,811,560,542,690,743,341,152,612,555,279,303,467,427,306,663,703,650,421,396,438,321,105,70,317,88,93,74,156,511,257,452,668,500,306,271,399,346,180,82,483,256,212,127,421,442,240,509,634,642,561,394,574,494,187,107,479,577,507,512,781,788,464,753,898
5,868,592,570,743,794,358,160,654,587,296,316,500,462,322,709,760,683,449,422,476,344,111,73,330,92,97,74,167,545,279,476,713,525,330,292,426,364,186,88,511,275,220,135,439,457,261,533,682,698,596,416,607,529,202,109,518,619,536,542,824,855,496,802,994
5,887,608,576,757,806,371,163,671,600,299,325,506,469,335,721,771,699,457,431,484,350,112,74,339,93,97,76,169,556,284,489,730,533,339,295,432,370,187,88,517,280,222,135,452,468,267,545,697,709,607,428,623,545,206,110,534,626,544,552,850,874,509,816,1004
5,776,550,512,680,724,339,150,618,540,269,294,454,431,308,665,691,605,414,390,444,311,104,70,310,86,89,67,159,508,259,458,673,483,299,265,396,325,167,84,470,248,200,122,417,443,250,496,636,654,567,391,576,494,189,98,495,571,491,504,790,804,458,736,895
5,865,589,566,738,783,363,156,646,585,287,314,490,455,319,703,757,683,443,414,469,341,109,69,328,88,96,74,159,537,277,473,707,519,328,286,423,359,177,87,505,271,219,132,433,451,255,526,679,690,590,410,603,527,200,105,516,612,525,534,828,850,496,795,979
5,865,594,571,745,789,363,160,661,590,294,321,494,466,324,705,759,689,451,418,475,341,111,74,335,92,97,76,166,546,277,479,715,524,333,292,423,367,185,88,504,276,221,133,443,454,262,534,689,697,596,417,610,537,202,109,518,615,532,541,833,856,503,803,989
5,817,563,537,697,747,341,150,620,546,290,303,456,427,299,669,706,653,420,397,441,325,108,71,314,89,92,68,158,516,261,459,663,492,312,276,394,345,179,82,487,266,209,131,419,434,243,510,636,651,560,385,569,492,189,104,479,577,502,522,790,792,461,754,894
5,794,523,517,677,701,320,137,572,530,259,286,441,419,281,648,696,617,386,371,426,309,107,58,290,77,86,64,140,479,253,416,627,469,292,254,385,322,163,76,456,241,196,121,396,406,230,481,606,631,531,373,548,472,175,96,459,555,474,483,748,780,437,712,866
5,874,601,574,750,802,367,162,664,595,297,323,504,467,330,717,768,693,454,427,484,347,111,74,336,93,97,76,168,552,281,484,723,526,335,294,431,368,187,88,514,276,222,135,450,465,266,541,695,706,605,424,617,541,204,110,527,622,541,548,844,868,505,813,1001
5,874,601,573,751,800,367,162,663,593,297,324,502,470,329,717,771,691,452,426,485,346,111,75,336,94,97,75,168,552,280,484,723,526,334,293,432,368,187,88,514,276,221,136,451,465,266,541,693,708,605,424,619,540,204,109,527,622,542,548,844,868,505,814,1003
5,872,599,573,747,798,366,162,662,592,294,321,500,466,328,713,762,692,455,424,482,346,111,74,335,92,96,76,167,550,280,481,719,526,335,293,428,368,186,87,510,275,223,134,445,455,266,539,695,702,600,417,612,541,204,109,524,622,538,544,841,861,504,811,999
5,858,582,562,725,768,351,154,635,571,282,307,483,448,309,688,739,670,429,408,457,335,108,67,319,88,94,72,158,528,273,461,684,516,323,279,414,346,176,87,489,268,213,129,414,442,249,513,658,682,576,395,588,515,195,104,503,605,508,516,802,825,485,770,952
5,873,600,573,748,800,366,162,662,595,296,321,501,467,328,714,766,691,452,426,482,345,111,73,336,93,97,74,167,551,281,483,719,525,335,294,430,365,185,88,514,275,222,135,447,459,266,541,691,704,602,420,615,541,204,108,523,621,538,548,844,863,501,812,996
5,866,589,570,736,786,351,160,647,580,295,311,491,456,319,698,752,678,443,414,469,336,110,71,327,92,96,75,166,540,278,473,695,522,328,287,422,356,185,87,503,272,213,131,435,449,260,532,667,695,586,406,599,526,199,111,509,614,527,533,816,842,488,786,957
5,878,605,576,753,803,369,162,668,596,300,325,502,469,333,718,770,698,456,427,483,349,111,73,337,93,95,74,169,556,280,488,730,528,335,294,432,370,186,88,517,278,222,136,451,465,267,544,694,708,606,426,622,543,205,108,532,622,544,551,847,872,508,814,1002
5,842,568,558,712,754,348,149,616,567,280,304,475,437,305,676,728,662,419,401,448,329,108,67,317,85,93,70,155,516,270,457,667,513,315,278,410,341,173,83,482,266,207,129,411,431,244,509,647,666,565,389,579,504,192,103,495,597,499,508,790,815,474,752,917
5,872,599,574,752,800,367,161,664,596,297,323,504,469,328,718,770,691,455,427,482,347,111,74,336,92,97,75,168,552,281,483,722,527,335,294,432,368,187,88,514,276,222,135,450,465,265,542,694,707,603,425,619,540,204,109,525,624,541,549,844,868,504,815,1005
5,850,578,558,731,771,354,154,641,585,284,311,488,450,318,693,750,671,436,413,462,335,106,68,328,88,93,70,156,536,276,465,700,510,323,291,419,352,178,80,499,268,213,131,425,445,251,521,669,683,585,408,600,521,199,105,512,599,519,525,817,844,493,782,965
5,850,588,559,733,779,358,157,647,576,287,319,488,452,318,700,747,676,441,410,464,336,115,74,328,91,97,75,161,537,268,472,700,516,322,286,418,360,185,84,495,274,218,133,441,457,254,529,674,687,589,414,602,516,196,109,509,601,523,539,825,844,490,787,964
5,871,594,571,745,793,363,161,658,587,292,319,498,462,324,709,760,689,452,422,477,346,113,73,329,91,97,76,167,543,279,480,715,522,333,288,426,366,184,88,508,273,222,133,439,454,263,533,689,700,596,415,607,534,202,109,522,618,535,538,835,858,501,805,989
5,872,596,572,748,799,362,162,662,590,297,320,501,467,326,718,764,687,452,424,484,344,110,73,333,93,97,75,168,549,280,482,721,524,334,291,430,368,186,88,514,276,221,134,443,460,265,539,686,704,602,420,613,537,203,110,524,620,541,546,838,863,504,806,996
5,875,600,574,748,799,365,162,664,593,296,322,503,466,329,715,763,692,455,424,483,346,111,74,335,92,96,76,169,549,280,484,721,527,335,293,429,368,187,87,513,275,223,134,447,462,265,542,696,704,601,422,614,540,204,110,525,624,539,546,845,863,505,813,1002
5,870,595,572,744,791,360,160,655,588,293,319,497,461,318,704,761,686,451,421,474,343,111,70,330,90,97,74,165,539,280,477,713,524,329,290,425,364,183,88,506,274,221,133,438,453,258,531,685,700,592,414,603,530,201,108,520,616,532,539,827,854,503,803,991
5,816,553,529,709,737,346,144,612,556,266,292,465,439,297,674,728,645,410,385,450,322,106,65,309,84,87,61,144,506,257,439,670,488,310,276,399,337,164,76,460,255,195,123,409,425,244,495,646,659,566,389,579,495,189,92,492,575,486,507,791,822,470,750,932
5,874,601,574,749,802,367,162,665,595,296,323,505,467,329,717,765,693,455,427,482,347,111,74,336,92,96,76,168,552,280,484,723,526,335,294,432,367,187,87,513,276,223,135,450,465,266,543,695,705,605,424,616,541,204,110,526,623,539,549,846,865,505,813,1001
5,885,608,576,755,805,371,163,670,600,298,325,506,469,334,721,771,698,457,430,484,350,112,74,339,93,97,76,169,555,284,490,730,532,338,295,433,370,187,88,518,279,222,136,452,468,267,546,696,709,606,428,623,545,206,110,533,626,545,551,849,874,509,814,1004
5,885,608,576,756,804,371,163,671,600,298,325,506,469,335,721,771,698,457,430,484,350,112,74,339,93,97,76,169,557,284,489,729,533,338,295,433,370,187,88,517,279,222,136,451,468,267,546,696,709,606,428,623,545,206,110,533,626,545,550,850,873,508,815,1007
5,874,601,575,751,802,366,162,665,594,299,322,501,470,329,716,768,693,455,425,480,344,110,74,336,93,94,75,170,551,280,486,725,526,335,294,432,367,186,88,514,277,222,135,449,465,266,539,694,708,604,423,621,540,203,108,528,623,540,550,843,870,504,814,1003
5,890,609,576,761,806,372,163,672,602,299,326,507,469,336,723,775,698,457,433,484,351,116,74,340,93,97,77,169,559,284,493,733,534,339,295,433,370,188,88,518,280,223,136,453,471,268,547,698,714,608,430,625,545,205,111,539,626,545,553,855,879,512,816,1009
5,869,588,568,738,789,355,161,653,585,290,315,495,459,320,706,753,683,448,418,474,340,109,72,324,92,96,74,166,536,278,476,704,520,332,289,425,362,181,86,507,272,220,133,430,450,259,530,677,690,590,411,602,531,199,108,511,616,531,535,825,850,492,794,977
5,875,599,573,749,799,364,162,660,592,294,321,498,465,326,711,766,693,454,425,479,345,111,74,333,92,97,75,167,545,279,483,720,524,333,291,432,368,185,88,509,274,220,134,445,456,265,539,693,704,601,416,609,538,204,107,526,622,539,542,841,864,505,811,994
5,874,602,574,750,802,367,162,664,595,297,323,504,467,329,717,770,693,455,427,483,347,111,73,336,93,97,75,168,552,281,485,724,526,334,294,433,368,187,88,514,276,222,135,450,465,266,542,693,707,604,425,617,541,203,109,528,623,541,549,844,868,505,813,1003
5,865,594,570,744,790,362,160,662,590,293,321,495,461,326,703,757,690,449,421,474,342,111,73,334,91,96,75,167,547,276,479,715,524,332,292,423,364,186,87,503,274,220,133,444,453,261,535,692,695,600,416,608,537,201,109,517,616,531,541,832,859,502,804,993
5,874,600,574,752,801,367,162,665,594,298,321,503,469,329,717,769,693,454,425,483,345,110,74,336,92,97,76,168,553,280,485,723,526,335,294,431,368,185,86,515,277,220,134,451,464,267,544,693,707,606,423,618,541,204,111,526,623,539,550,846,867,506,812,1004
5,874,600,574,748,803,366,162,664,595,296,323,505,467,330,717,767,692,456,427,483,347,111,74,335,93,96,76,168,553,280,484,723,526,334,294,433,367,187,88,514,276,223,135,450,464,266,543,694,705,605,424,617,541,204,109,527,623,541,549,844,866,505,813,1003
5,863,596,565,746,788,366,158,656,587,296,323,492,461,328,708,754,686,445,418,471,344,114,74,334,94,95,74,165,547,274,484,719,523,329,293,424,362,185,86,509,277,221,135,450,460,261,540,688,699,597,422,609,526,201,110,525,612,529,551,842,861,500,801,981
5,870,597,573,746,793,361,160,658,592,297,319,500,463,324,706,765,686,448,422,475,344,111,72,333,92,96,75,166,547,279,478,712,527,331,293,429,362,187,88,508,276,219,132,446,460,259,535,685,703,597,420,611,532,201,109,518,620,533,545,826,861,498,804,1001
5,874,600,574,752,801,367,162,664,594,298,321,503,469,329,717,769,693,455,425,484,346,111,74,336,93,97,76,168,552,281,484,723,526,335,294,431,369,186,87,514,277,220,134,451,463,268,543,692,707,604,423,617,541,204,111,527,622,541,550,843,867,505,812,1002
5,874,601,574,750,802,367,162,665,595,298,323,504,467,330,717,767,693,455,427,483,347,111,74,336,92,97,76,168,553,281,485,722,526,335,294,432,368,187,87,514,276,221,135,451,465,266,543,694,706,605,425,616,541,204,110,527,624,540,548,844,867,505,811,1001
5,864,586,565,728,776,350,156,644,577,286,310,488,456,316,692,743,673,436,406,460,332,110,70,323,91,94,74,161,532,272,467,697,519,324,285,419,353,181,86,494,272,215,131,426,443,256,520,668,686,581,404,598,515,197,107,509,604,518,530,811,837,486,785,961
5,874,601,574,750,802,368,162,664,595,297,323,504,467,330,717,767,693,455,427,483,348,114,74,336,93,97,76,167,552,279,485,724,526,335,294,431,368,188,87,514,276,222,135,450,465,266,540,694,706,605,424,617,540,203,110,527,622,541,548,844,867,505,813,1001
5,872,600,573,746,796,365,160,664,593,297,320,503,467,326,710,767,688,451,426,479,344,111,73,336,92,97,75,166,551,280,482,720,526,333,293,431,366,187,88,509,276,220,135,449,461,263,541,688,705,601,422,614,537,202,109,525,621,536,549,834,863,504,808,1000
5,885,607,576,754,807,370,163,670,601,298,326,507,469,335,721,771,697,458,433,484,350,112,74,338,93,96,76,169,558,283,489,732,533,338,295,434,369,187,88,518,280,223,136,453,467,267,547,698,708,607,428,624,546,206,109,535,626,545,553,850,873,511,817,1006
5,874,601,575,751,802,366,162,665,594,299,323,501,470,330,716,768,693,455,425,481,344,110,74,336,93,95,75,170,551,280,486,725,526,335,294,432,368,186,88,514,277,222,135,450,464,266,540,694,708,604,423,620,540,203,109,528,623,540,550,843,870,504,814,1003
5,864,592,570,740,794,359,162,656,588,295,318,494,463,324,710,760,685,451,422,474,340,109,74,330,94,96,75,170,541,280,480,714,522,334,290,427,363,186,90,510,275,221,135,438,457,263,535,681,694,596,414,615,534,201,109,519,616,537,540,834,858,495,802,980
5,874,600,574,752,801,367,162,665,594,298,321,503,469,329,717,769,693,454,425,484,345,110,74,336,93,97,76,168,553,281,485,723,526,335,294,431,369,185,87,515,277,220,134,451,463,268,543,692,707,606,423,617,541,204,111,527,622,541,550,844,867,505,812,1003
5,885,608,576,755,806,371,163,670,601,298,326,507,469,335,721,771,698,457,433,484,350,112,74,339,93,97,76,169,557,283,489,731,533,338,295,434,370,187,88,518,280,223,136,452,467,267,547,697,708,607,428,623,546,206,110,533,626,545,552,850,873,510,816,1006
5,874,600,574,752,801,367,162,665,594,298,321,503,469,329,717,769,693,455,425,484,346,111,74,336,93,97,76,168,552,281,485,723,526,335,294,431,369,186,87,514,277,220,134,451,463,268,543,693,707,605,423,617,541,204,111,527,622,541,550,844,868,505,812,1002
5,873,600,575,751,802,365,162,664,594,299,323,501,470,330,716,768,694,454,425,481,345,111,74,334,93,95,75,170,549,280,485,725,526,335,294,432,368,186,88,514,277,222,135,450,464,266,540,695,706,604,423,620,539,203,109,528,623,540,550,843,870,503,815,1003
5,870,597,573,744,793,364,161,658,590,297,320,502,463,326,709,761,687,450,422,475,345,114,71,333,93,96,75,166,548,277,481,713,525,332,293,428,363,187,88,508,276,219,132,446,461,262,536,690,702,597,421,612,533,200,110,520,619,536,544,832,859,499,805,992
5,871,595,572,747,798,361,162,661,589,296,317,502,464,325,714,764,688,451,422,481,341,110,74,331,93,96,74,170,549,280,482,717,525,335,289,429,366,185,86,514,276,219,134,443,460,266,543,686,702,602,420,611,537,201,111,522,620,540,547,839,861,500,808,998
5,871,598,574,745,799,363,163,657,589,296,321,500,463,324,714,761,688,452,424,479,346,111,73,332,94,97,74,168,544,281,479,713,525,334,292,430,363,186,88,510,274,218,134,446,462,264,539,685,704,598,417,609,535,203,109,519,623,536,541,837,859,497,805,980
5,863,592,566,742,786,362,156,655,585,291,320,494,457,325,707,752,682,443,416,471,339,112,73,333,92,97,73,163,547,274,477,706,521,328,290,422,361,185,86,499,274,218,133,445,458,260,534,684,697,595,417,606,526,199,110,519,610,525,544,834,852,495,795,973
5,846,571,558,716,756,348,153,623,565,282,307,475,440,311,678,730,662,425,402,443,329,108,70,316,88,91,73,161,519,271,457,682,509,319,280,411,342,174,87,484,267,210,129,413,434,248,511,650,674,567,390,587,504,194,103,503,599,504,511,796,825,475,764,927
5,885,608,576,757,805,371,163,671,599,301,325,503,471,335,721,771,696,457,431,481,349,112,74,339,94,96,75,170,557,283,491,732,533,338,295,433,369,186,89,519,281,222,136,452,468,267,546,695,712,606,426,627,542,206,109,535,625,544,554,850,876,507,815,1001
5,873,601,573,750,802,367,162,665,594,296,322,504,468,330,717,767,693,455,427,483,347,111,74,336,93,97,76,168,552,280,485,723,525,335,294,432,368,187,88,514,276,223,135,449,464,266,543,691,706,605,422,617,541,204,110,526,623,541,549,843,865,505,812,1003
5,874,600,574,752,801,367,162,665,594,298,321,503,469,329,717,770,693,454,425,485,346,110,74,336,93,97,76,168,553,281,485,723,526,335,294,431,369,185,87,515,277,220,134,451,463,268,543,692,707,606,423,617,541,204,111,527,622,541,550,844,868,505,812,1003
5,885,608,575,758,805,371,163,671,599,299,325,503,471,335,721,770,698,457,430,483,349,112,74,339,94,96,75,170,557,284,489,729,533,337,295,433,369,186,89,516,279,222,136,451,467,267,544,697,710,608,426,623,545,206,109,534,626,543,551,851,871,508,817,1003
5,874,591,568,743,788,355,161,655,588,293,315,496,461,329,704,756,681,447,420,473,339,110,73,329,95,95,74,169,546,281,480,709,522,329,288,429,360,185,89,509,270,219,134,434,455,265,537,675,698,592,415,605,534,202,110,524,615,536,534,833,848,495,798,977
5,875,596,571,747,797,358,163,661,591,296,319,500,463,328,714,764,685,451,425,481,342,109,73,332,94,97,75,167,549,282,484,717,524,334,290,430,366,186,88,516,274,222,135,441,458,263,543,687,704,598,419,611,537,204,109,524,619,541,543,843,862,501,805,990
5,879,602,574,756,801,367,163,667,595,298,322,504,469,332,719,770,693,456,425,484,347,112,74,337,94,97,77,168,555,283,488,724,527,335,294,433,369,187,88,516,277,223,134,450,465,267,547,693,712,605,425,617,541,205,111,531,623,542,551,850,869,506,812,1005
5,874,601,574,748,803,367,162,664,595,296,323,505,467,330,717,767,692,456,427,483,347,111,74,336,93,96,76,168,553,280,484,723,526,334,294,433,367,187,88,514,276,223,135,450,464,266,543,694,705,605,424,617,541,204,109,527,623,541,549,844,866,505,813,1003
5,879,602,574,756,801,367,163,667,595,298,322,504,469,332,719,770,693,456,425,484,347,112,74,337,94,97,77,168,555,283,488,724,527,335,294,433,369,187,88,516,277,223,134,450,465,267,547,693,712,605,425,617,541,205,111,531,623,542,551,850,869,506,812,1005
5,877,596,570,748,797,359,164,660,590,296,319,499,462,328,714,764,686,452,424,479,342,111,73,333,94,97,75,169,549,282,484,717,525,334,290,430,363,187,88,515,276,221,135,441,457,266,544,685,702,598,419,611,539,203,110,525,619,539,544,843,862,501,803,988
5,879,603,574,755,802,367,163,667,596,298,323,504,468,333,718,770,693,456,428,483,347,112,74,336,94,97,76,168,555,283,486,725,526,335,294,433,369,187,88,516,275,223,135,450,465,267,547,694,713,605,424,618,542,204,110,531,623,542,549,851,871,505,814,999
5,879,603,574,755,802,367,163,667,596,298,323,504,468,333,718,770,693,456,428,483,347,112,74,336,94,97,76,168,555,283,486,725,526,335,294,433,369,187,88,516,275,223,135,450,465,267,547,694,713,605,424,618,542,204,110,531,623,542,549,851,871,505,814,999
5,879,603,574,755,802,367,163,667,596,298,323,504,468,333,718,770,693,456,428,483,347,112,74,336,94,97,76,168,555,283,486,725,526,335,294,433,369,187,88,516,275,223,135,450,465,267,547,694,713,605,424,618,542,204,110,531,623,542,549,851,871,505,814,999
5,879,603,575,755,802,367,162,666,596,299,323,503,470,332,716,771,694,455,427,483,346,110,74,338,91,97,76,168,555,281,488,726,527,334,292,433,369,187,88,516,276,222,134,449,463,266,545,696,712,605,426,618,542,205,108,531,623,542,548,850,872,507,814,1004
5,879,604,573,756,803,368,162,666,595,299,323,503,469,333,718,770,694,458,428,481,348,112,73,337,94,96,76,168,555,282,488,725,527,334,294,432,369,186,89,516,276,223,135,450,465,267,546,694,712,603,424,621,541,205,110,532,622,542,550,851,870,506,813,1001
5,874,591,568,743,788,354,161,656,588,293,315,496,461,329,704,756,681,447,420,473,339,110,73,328,95,95,74,169,545,281,480,710,522,329,288,429,360,185,89,509,270,219,134,434,455,265,538,675,698,592,415,605,534,202,110,524,615,536,534,834,849,495,798,975
5,879,603,574,755,802,367,163,665,596,298,323,504,469,334,718,768,693,457,428,483,348,112,74,337,94,97,76,168,555,284,488,724,527,335,294,433,369,187,88,516,277,223,135,449,465,267,546,695,712,602,424,618,542,206,110,534,622,542,550,852,866,507,814,999
5,875,596,570,748,795,358,163,659,591,295,319,500,465,328,714,767,686,450,425,480,341,110,73,332,94,97,75,168,549,282,484,715,524,333,290,431,366,185,88,516,275,222,135,441,458,266,544,684,703,596,419,615,539,204,110,524,618,541,544,843,861,501,804,989
5,874,601,574,751,801,368,162,667,597,298,323,505,468,330,718,768,693,456,427,483,347,112,74,338,91,98,76,168,552,281,486,727,526,336,295,432,370,188,87,516,276,221,135,452,465,267,545,694,706,605,426,618,541,205,110,527,625,544,548,845,870,505,813,1002
5,875,596,571,747,797,358,163,661,591,296,319,500,463,328,714,764,686,451,425,481,342,109,73,332,94,97,75,167,549,282,484,717,524,334,290,430,366,186,88,516,274,222,135,441,458,264,543,686,703,598,419,611,538,204,109,524,619,541,543,843,861,501,805,990
5,876,596,570,748,796,359,164,660,590,296,319,499,463,328,714,764,686,452,424,479,342,111,73,333,94,97,75,169,549,282,484,717,526,334,290,430,363,187,88,515,276,221,135,441,457,266,544,685,701,597,419,612,540,203,110,525,620,539,544,843,860,502,804,987
5,876,596,570,748,796,359,164,660,590,296,319,499,463,328,714,764,686,452,424,479,342,111,73,333,94,97,75,169,549,282,484,717,526,334,290,430,363,187,88,515,276,221,135,441,457,266,544,685,701,597,419,612,540,203,110,525,620,539,544,843,860,502,804,987
5,876,596,570,748,796,359,164,660,590,296,319,499,463,328,714,764,686,452,424,479,342,111,73,333,94,97,75,169,549,282,484,717,526,334,290,430,363,187,88,515,276,221,135,441,457,266,544,685,701,597,419,612,540,203,110,525,620,539,544,843,860,502,804,987
5,877,602,573,744,794,367,162,661,594,296,320,491,460,330,709,756,693,447,425,475,345,110,72,331,94,95,74,166,545,280,483,727,530,335,288,427,364,185,87,513,276,220,134,444,453,259,537,691,695,599,415,607,537,200,108,530,615,539,547,839,857,506,811,981
5,866,591,567,743,785,355,161,656,587,292,318,491,459,325,703,759,683,445,419,472,336,110,73,332,93,97,75,167,544,279,478,709,523,331,288,423,363,185,88,507,273,220,134,436,450,261,534,680,694,589,413,608,535,202,110,517,612,534,536,831,852,499,798,977
5,878,603,574,755,802,367,163,667,596,298,323,504,468,333,718,770,692,456,428,483,347,112,74,336,94,97,76,168,555,282,486,725,526,335,294,433,369,187,88,516,275,223,135,450,465,267,547,694,713,605,424,618,541,204,110,531,623,542,549,851,871,505,814,999
5,867,594,566,748,789,363,160,663,590,293,319,503,468,329,713,762,680,449,420,477,339,108,73,334,94,93,72,164,552,281,486,722,518,330,294,429,362,181,85,515,268,219,132,447,463,264,544,692,710,602,425,618,536,203,105,530,619,538,543,849,871,499,806,997
5,879,603,574,754,802,366,164,666,594,298,322,504,469,332,716,771,692,456,427,483,346,112,74,335,95,97,76,168,554,283,488,722,526,334,293,433,369,187,88,516,275,223,135,449,464,267,547,695,712,606,424,618,542,203,110,531,621,542,549,852,872,505,813,1000
5,879,602,574,756,801,367,163,667,595,298,322,504,469,332,719,770,693,456,425,484,347,112,74,337,94,97,77,168,555,283,488,724,527,335,294,433,369,187,88,516,277,223,134,450,465,267,547,693,712,605,425,617,541,205,111,531,623,542,551,850,869,506,812,1005
5,888,611,577,759,806,370,164,672,601,299,326,508,469,339,721,772,697,459,435,482,350,112,74,339,94,97,76,169,556,283,493,733,534,337,296,436,372,187,88,517,280,223,135,453,468,267,550,698,716,607,425,625,545,206,110,537,628,546,554,854,879,508,818,1005
5,892,614,576,764,807,374,164,672,602,302,328,506,473,338,724,776,703,455,435,486,355,116,74,341,95,97,76,169,559,287,492,738,535,339,296,436,371,188,88,521,280,223,136,454,470,268,552,698,717,609,431,625,546,208,111,542,629,546,553,859,879,514,819,1010
5,838,574,545,721,764,349,152,636,565,286,304,470,436,326,677,720,671,429,409,455,328,107,74,317,88,92,71,161,527,270,468,695,499,323,278,401,350,179,81,493,262,213,123,426,433,251,520,662,671,574,394,582,522,192,105,513,586,512,527,807,825,486,767,934
5,893,617,578,760,807,375,165,674,604,301,323,503,474,336,721,774,702,458,433,482,349,112,75,342,97,97,77,170,557,289,494,737,535,338,296,438,371,187,88,521,276,223,132,454,467,268,553,696,719,608,425,625,548,205,113,540,629,546,552,857,878,513,816,1005
5,923,615,580,759,807,375,163,672,602,301,327,507,470,342,724,772,701,458,438,486,355,114,72,343,94,96,74,170,555,286,493,738,533,337,296,440,374,187,88,518,279,223,133,454,468,266,554,699,718,607,423,623,547,207,112,541,632,547,555,856,878,512,820,1005
5,921,616,577,756,807,375,165,675,603,301,327,506,469,338,721,770,703,457,437,483,353,116,74,343,96,98,76,168,559,287,495,739,532,339,297,438,371,187,88,522,279,223,133,455,469,269,552,697,716,609,426,621,550,208,112,540,628,546,553,857,875,516,816,1001
5,886,604,572,755,802,370,162,666,596,296,324,501,468,333,718,769,693,454,430,481,347,112,75,335,95,97,75,167,552,282,488,729,530,337,291,432,369,184,87,513,277,222,135,453,465,266,549,694,708,605,423,620,540,203,110,537,623,538,553,853,871,509,812,994
5,888,608,574,759,804,370,164,674,599,298,325,503,471,336,719,773,697,458,433,484,350,112,74,337,94,97,75,168,556,284,491,737,532,338,292,434,371,185,88,517,277,223,135,453,466,268,548,697,712,608,425,622,547,206,108,540,627,543,553,855,874,513,820,1004
5,890,613,576,762,806,373,164,670,602,302,328,505,471,339,721,776,702,457,435,483,353,116,74,340,96,97,76,169,560,285,493,736,534,339,295,436,371,187,89,520,280,223,136,454,470,268,551,698,716,603,430,626,547,208,111,542,626,546,553,859,877,515,818,1007
5,924,614,576,762,808,372,165,675,602,301,328,506,470,338,722,774,701,458,436,484,354,116,74,340,94,96,78,168,559,287,492,740,535,340,296,435,369,188,87,520,283,222,137,454,470,268,552,698,716,608,430,623,548,208,110,543,627,545,553,860,878,515,819,1007
5,923,610,576,762,807,369,165,674,603,298,327,506,470,337,721,774,698,457,433,485,352,115,74,339,95,97,77,169,559,287,490,737,536,340,295,435,368,188,88,517,282,223,136,451,469,268,550,697,715,608,430,620,547,207,111,542,626,543,552,858,875,515,818,1007
5,862,590,568,743,793,359,161,657,587,294,316,495,464,321,709,764,684,451,420,479,341,108,70,330,91,95,74,166,541,279,480,711,519,332,290,428,366,186,86,506,273,220,133,442,454,263,539,680,698,596,415,608,535,198,109,519,617,535,543,832,857,498,799,988
