Encode,0,1,2,3,4,5,6,7,8,9,10,11,12,13,14,15,16,17,18,19,20,21,22,23,24,25,26,27,28,29,30,31,32,33,34,35,36,37,38,39,40,41,42,43,44,45,46,47,48,49,50,51,52,53,54,55,56,57,58,59,60,61,62,63
1,734,505,486,639,685,313,132,559,504,242,269,433,392,286,634,645,599,379,377,410,283,90,65,282,76,79,66,144,451,248,415,603,433,288,242,382,319,151,71,433,225,196,111,382,401,230,451,595,589,511,349,518,487,179,92,443,540,456,470,725,718,431,686,854
1,844,578,537,714,767,347,155,633,563,279,302,473,436,323,693,718,664,432,406,454,327,102,76,310,90,91,69,163,516,269,462,692,503,313,272,418,352,175,84,486,260,210,127,425,440,256,514,660,667,566,407,587,515,196,101,507,604,512,529,806,833,476,771,926
1,868,590,557,729,786,355,159,654,582,289,314,484,447,332,701,744,675,441,422,475,340,109,76,318,92,95,70,165,531,277,476,713,517,326,281,425,364,181,85,500,273,217,132,433,449,261,528,672,688,584,413,598,527,203,106,523,612,526,544,826,852,494,792,955
1,849,588,551,730,781,359,156,648,577,286,315,483,448,328,703,741,675,434,421,473,341,106,75,320,92,96,71,162,533,271,475,710,515,324,279,424,362,179,85,499,269,216,129,437,448,260,523,675,686,587,415,599,526,200,109,519,612,519,539,819,855,499,780,959
1,848,584,544,715,776,352,158,636,569,281,307,476,440,326,694,727,674,432,415,464,334,104,75,311,95,93,70,163,516,271,467,697,506,322,273,424,358,174,85,491,266,212,129,426,438,257,513,665,667,572,404,587,521,200,106,513,604,517,532,805,834,491,775,936
1,834,577,531,709,764,345,157,625,560,280,302,475,438,327,688,718,661,432,414,462,329,100,74,312,89,93,70,167,514,264,465,690,490,318,268,417,358,174,83,491,256,211,128,426,440,257,509,657,660,564,402,588,519,194,106,504,600,516,526,795,823,475,769,926
1,851,584,546,722,778,355,158,643,572,284,308,482,448,328,698,730,671,434,418,467,337,107,75,316,92,95,69,166,524,273,472,706,507,325,275,422,357,176,85,497,269,212,131,432,445,260,521,670,678,580,411,597,522,201,107,517,608,520,541,814,845,491,781,944
1,844,579,538,714,772,352,157,636,566,278,307,476,440,327,695,722,668,435,417,463,337,104,75,311,94,94,68,164,513,271,468,693,502,322,275,425,358,174,85,486,267,211,127,427,440,258,514,663,665,569,401,586,522,201,106,510,606,514,535,806,824,488,776,935
1,856,585,550,727,783,355,157,647,575,287,311,484,447,332,701,738,674,438,420,471,337,106,74,318,92,93,70,165,530,274,473,708,510,326,278,424,362,177,85,500,271,216,129,432,449,260,523,672,682,581,413,599,524,202,107,519,610,523,543,820,849,491,787,956
1,742,521,479,637,676,312,140,560,501,251,266,433,384,285,641,637,600,374,371,420,296,93,65,286,84,79,63,146,453,241,415,619,440,278,257,390,315,151,72,435,233,186,107,378,402,236,450,595,598,511,346,507,476,177,92,447,543,457,470,727,713,438,694,859
1,852,583,547,723,782,353,157,647,573,285,309,482,446,332,700,731,673,439,418,469,335,104,75,316,92,93,70,165,526,273,472,705,509,324,275,424,362,177,85,495,268,215,129,431,447,259,519,668,675,580,413,596,524,201,107,517,609,522,540,813,843,490,781,951
1,836,582,536,717,777,355,155,629,565,279,307,476,441,325,696,725,662,429,417,468,338,102,72,312,90,92,69,161,515,264,467,694,505,324,274,417,353,175,82,490,266,210,128,430,443,255,517,660,672,572,405,590,517,195,106,509,608,510,533,801,837,488,763,929
1,857,587,548,728,786,356,158,647,573,288,310,483,447,330,702,739,674,440,417,470,337,106,76,317,93,95,69,166,530,273,473,710,512,326,277,424,358,177,85,501,270,214,131,433,449,261,524,671,681,583,416,598,524,202,107,519,613,521,543,821,849,493,788,953
1,852,585,546,725,785,356,158,645,573,285,309,483,446,329,702,733,674,439,417,468,337,106,77,317,93,95,69,166,529,272,471,705,510,325,276,424,358,177,85,497,269,213,131,431,448,260,520,671,676,583,415,596,522,202,107,517,610,520,540,816,845,492,782,946
1,837,582,536,718,777,356,158,629,554,278,305,477,442,324,695,730,664,432,409,466,334,104,70,312,88,92,73,162,521,264,461,686,503,319,269,410,353,177,82,486,260,210,129,427,447,257,512,657,672,578,399,594,517,194,108,505,603,507,525,799,830,478,766,938
1,852,586,547,724,781,355,158,647,573,287,309,481,447,329,701,733,673,436,418,469,336,106,75,318,93,94,70,166,529,273,473,705,511,324,276,423,361,177,86,496,268,214,130,431,448,260,519,670,677,582,413,597,523,202,107,518,609,521,539,817,843,493,782,947
1,850,584,547,726,782,354,158,647,572,287,309,482,446,330,702,734,674,437,419,469,337,102,76,318,93,94,70,165,530,273,472,706,509,324,276,424,362,178,85,495,269,213,130,432,448,260,520,671,678,583,412,596,522,203,107,520,609,522,540,818,843,494,784,947
1,852,585,547,724,782,356,158,646,572,287,310,480,446,329,699,734,674,439,419,467,335,106,75,319,92,94,70,165,530,273,472,705,509,323,275,424,362,177,85,497,268,214,130,432,446,260,520,668,677,583,412,597,524,201,106,517,609,522,539,815,844,491,783,947
1,844,579,540,710,772,353,156,633,567,279,306,477,439,327,691,720,669,433,416,463,336,102,75,311,92,93,69,165,510,272,468,691,503,323,276,423,356,172,85,486,267,209,129,428,440,260,516,656,662,567,401,583,522,202,106,509,608,512,534,801,820,485,773,936
1,841,584,538,720,778,358,157,632,555,280,308,479,445,326,696,735,667,431,413,468,336,104,70,314,87,91,73,162,523,265,464,693,504,322,268,413,353,178,81,488,263,209,130,433,449,257,516,660,672,579,404,600,521,195,108,509,607,509,530,799,837,484,769,944
1,850,585,544,723,782,356,158,642,571,284,309,482,446,328,700,730,673,437,417,466,337,106,76,317,93,95,69,166,525,272,472,704,508,325,276,424,356,176,85,497,269,212,130,431,445,260,519,670,675,579,413,595,522,202,107,515,610,519,539,813,842,491,781,944
1,787,543,513,670,723,337,146,595,534,260,288,453,414,309,669,678,633,411,390,451,320,98,73,298,87,87,66,154,488,254,444,651,465,306,258,407,341,163,76,462,243,204,119,408,421,249,482,623,624,542,374,549,504,189,100,477,581,482,507,764,763,457,731,889
1,844,579,539,716,774,352,157,634,566,279,307,476,440,327,696,727,668,435,419,465,336,104,75,312,92,94,70,164,514,271,466,695,504,323,273,425,358,174,85,486,268,212,129,428,439,259,514,660,667,569,401,587,523,201,106,512,608,513,535,803,827,490,775,943
1,850,584,545,722,780,353,158,645,571,284,309,481,446,331,700,730,671,439,418,468,335,105,74,317,92,94,70,165,524,273,472,705,507,324,275,424,361,176,85,496,268,215,129,431,445,259,518,671,677,578,411,596,524,202,107,515,609,521,540,814,845,489,782,949
1,840,577,541,714,764,352,155,634,567,276,300,475,439,321,695,718,664,430,404,456,330,105,76,316,91,91,70,164,517,270,462,691,503,314,274,421,350,174,85,482,260,211,127,424,440,258,511,663,671,572,401,585,514,200,103,507,604,509,530,807,831,479,771,938
1,849,586,546,718,774,354,159,642,574,289,308,480,445,322,708,742,681,438,413,463,337,105,72,319,91,93,70,164,537,275,473,693,508,326,281,422,364,173,83,499,272,215,125,439,451,257,521,673,681,589,410,598,523,196,105,513,602,524,544,820,838,485,790,952
1,849,591,546,726,785,361,159,643,561,285,311,481,449,328,703,740,676,439,415,470,338,107,70,320,89,95,74,163,527,272,468,705,509,322,271,419,360,179,85,497,266,213,131,436,452,257,518,673,678,587,407,602,528,199,110,511,608,518,536,811,843,490,784,957
1,853,594,550,735,786,363,159,652,566,286,315,485,454,329,706,749,678,440,417,472,339,108,72,322,89,96,75,163,538,274,473,710,513,322,274,420,362,180,85,500,266,215,131,441,454,263,521,679,689,595,412,608,531,200,111,519,611,520,538,819,855,494,789,975
1,853,585,548,724,781,356,158,646,574,285,308,483,448,328,700,733,673,436,418,468,337,107,75,318,92,95,69,166,528,273,471,706,509,325,275,422,359,177,85,496,269,213,131,432,447,260,522,672,679,583,413,598,522,202,107,517,608,520,541,818,846,492,783,946
1,829,578,538,707,745,345,154,628,558,277,296,475,449,316,677,715,663,421,402,455,330,102,73,314,90,91,67,166,516,269,457,673,497,312,275,422,349,172,83,473,259,208,122,425,427,253,514,653,668,560,393,585,517,194,104,503,593,504,520,791,820,468,746,931
1,838,572,536,711,767,354,154,630,563,278,304,476,440,324,692,722,665,427,413,464,333,103,76,315,88,93,69,165,514,271,467,693,497,325,271,420,354,173,82,489,265,209,125,426,438,256,511,664,663,569,406,586,520,202,106,508,607,512,533,800,828,489,772,938
1,830,573,537,704,762,350,154,626,560,278,299,477,435,320,687,713,663,425,408,457,330,104,76,312,90,91,70,162,513,271,461,684,496,316,274,418,353,170,82,483,260,211,128,419,436,260,509,658,661,565,398,579,513,202,104,506,604,503,526,802,818,479,768,932
1,852,584,547,725,782,353,158,647,573,285,309,483,446,332,701,733,673,439,419,469,336,106,75,317,92,94,70,165,527,273,472,705,509,324,275,424,362,177,85,496,268,215,129,431,447,260,519,671,678,581,413,597,524,202,107,516,609,522,540,816,847,489,783,954
1,847,580,546,720,777,354,157,642,570,284,309,479,443,329,694,731,671,432,415,464,333,104,77,317,91,95,69,167,526,273,471,703,505,325,275,423,355,176,85,495,268,212,129,431,446,259,520,668,675,580,410,594,523,201,106,517,609,514,539,813,841,491,781,947
1,864,598,560,740,790,358,161,654,584,289,318,491,461,336,703,756,683,445,418,474,339,113,73,327,93,95,73,167,545,280,480,721,517,323,291,428,361,178,81,509,276,218,126,438,452,265,540,684,702,589,411,613,534,199,109,533,610,532,539,840,862,497,800,985
1,865,587,567,741,761,354,160,648,584,287,308,485,456,331,704,750,668,432,410,473,337,112,74,326,92,95,75,165,538,277,465,707,520,324,275,430,360,182,80,503,272,216,130,439,453,260,532,673,694,587,413,606,527,200,110,521,605,523,536,830,857,485,799,972
1,863,598,568,745,789,360,159,652,595,297,317,491,464,321,709,760,686,436,425,472,343,115,76,332,92,96,71,167,546,275,479,722,522,327,288,419,365,182,83,512,268,217,130,448,458,259,536,676,695,591,417,618,519,200,105,524,605,532,546,826,857,496,803,983
1,867,589,562,736,787,361,158,658,584,293,316,490,456,329,714,757,681,446,420,475,342,111,78,326,91,96,76,166,538,276,478,718,518,331,286,424,358,178,81,504,272,215,133,441,460,264,537,683,699,596,415,607,532,201,110,525,611,526,540,836,860,500,795,975
1,875,590,570,754,774,360,156,654,589,289,313,490,457,332,711,760,674,441,422,471,343,113,75,329,91,95,72,166,544,271,475,720,521,331,278,432,360,181,81,511,273,216,129,446,455,265,540,679,704,591,411,614,529,201,108,528,612,528,544,841,867,493,806,980
1,677,482,451,590,649,282,132,524,473,238,248,394,363,266,588,610,569,354,352,385,264,86,63,265,79,76,63,143,418,226,394,583,422,273,232,365,303,145,70,415,213,185,103,356,374,206,426,555,543,482,318,485,445,163,91,419,514,434,447,674,677,418,658,804
1,883,595,567,745,781,361,156,652,589,294,319,487,462,327,707,763,675,446,423,465,338,106,73,328,92,96,70,163,541,280,485,723,524,323,287,436,358,185,83,513,274,214,134,444,458,261,533,682,705,593,416,605,530,200,109,526,609,538,537,830,870,502,792,995
1,872,592,565,740,782,358,158,658,591,289,318,488,462,332,705,753,673,445,425,471,340,113,73,324,93,95,70,165,544,282,484,720,519,326,289,432,357,181,83,511,272,211,132,445,459,266,535,682,699,598,415,603,535,202,111,530,602,537,539,832,860,501,794,985
1,872,597,571,737,786,365,157,654,593,294,320,486,461,326,701,760,675,442,425,467,342,112,73,327,93,94,70,167,549,282,480,708,524,327,289,426,361,186,84,503,275,216,132,439,451,257,539,676,704,601,417,607,528,204,113,529,605,535,541,834,868,497,795,992
1,766,532,505,653,707,333,145,581,504,249,279,441,407,288,652,660,608,397,373,430,307,97,67,298,81,80,66,153,472,247,433,633,456,294,252,394,321,157,73,448,236,194,117,394,414,238,473,614,622,530,347,538,476,180,96,463,568,473,485,746,741,447,713,883
1,851,586,548,723,783,355,158,647,573,285,309,482,445,329,700,735,673,439,419,470,336,106,75,317,92,94,70,165,528,273,473,705,509,324,275,424,362,178,85,496,268,215,130,431,447,260,520,670,679,582,411,595,524,200,106,518,609,523,540,817,844,491,785,949
1,851,586,547,723,782,355,158,644,573,285,309,481,445,327,701,733,673,435,418,470,335,104,75,317,93,94,70,165,526,276,471,703,510,324,276,422,359,177,85,496,269,213,129,432,447,259,521,671,676,582,411,595,526,200,107,516,607,521,540,818,841,492,784,946
1,846,583,546,716,771,351,154,642,571,281,304,476,440,324,698,727,669,435,408,463,332,104,75,314,91,89,70,162,521,272,468,699,508,315,274,423,357,177,84,487,261,214,129,430,443,258,515,665,673,575,407,590,520,198,102,515,606,517,536,810,839,486,776,946
1,852,585,547,722,781,356,158,645,573,284,308,483,448,327,699,730,672,436,418,467,337,107,75,318,92,95,69,166,525,273,472,705,508,325,275,422,358,176,85,496,269,213,131,432,446,260,521,671,678,582,412,597,522,202,107,515,608,520,541,815,845,491,781,945
1,849,591,546,726,785,361,159,643,561,285,311,482,449,328,703,740,676,439,416,470,339,108,71,320,89,95,74,163,527,272,468,705,509,322,271,419,360,179,85,497,266,213,131,436,452,258,518,673,678,587,407,602,528,200,110,511,608,518,536,811,843,490,784,957
1,854,583,547,726,782,356,157,644,572,284,307,481,446,327,703,734,674,437,417,469,336,106,76,318,90,95,69,167,524,272,472,705,509,325,273,423,359,176,85,495,268,211,129,431,447,260,518,672,678,582,412,596,523,203,106,515,610,521,540,816,847,492,783,948
2,900,597,559,740,790,365,162,653,588,293,323,494,459,332,708,750,674,444,424,477,341,115,72,327,95,97,71,165,544,284,483,717,523,331,291,428,365,184,87,508,269,220,130,447,452,259,542,689,699,594,415,606,535,200,109,531,622,534,538,833,862,497,796,986
2,870,593,565,741,792,368,159,653,578,295,313,492,458,338,702,748,680,447,432,468,343,109,72,331,94,94,76,165,541,276,482,716,522,333,281,422,357,185,86,511,273,217,134,431,447,263,530,685,694,594,413,600,532,201,112,528,610,532,539,838,839,496,799,992
2,879,598,563,741,795,371,161,652,580,297,316,495,458,338,702,754,680,444,429,471,343,110,72,330,95,94,76,162,542,277,482,722,527,333,286,422,359,183,84,513,273,216,133,432,449,263,533,683,691,598,415,606,532,201,110,534,615,532,537,840,842,502,800,992
2,877,599,564,741,795,369,162,652,580,298,316,496,461,337,702,757,681,444,429,474,343,111,73,330,96,92,76,163,539,280,482,718,527,332,286,424,361,184,82,513,273,216,133,432,449,263,535,683,692,597,416,606,534,202,110,531,615,534,537,840,843,500,800,996
2,879,599,564,741,794,371,162,653,580,296,316,496,460,338,702,755,681,444,429,472,344,111,73,331,96,94,75,163,542,278,481,719,526,333,286,423,361,184,84,511,273,216,133,431,450,263,534,685,693,598,414,607,532,202,109,532,614,534,537,843,841,499,804,992
2,879,599,564,740,794,371,162,653,580,295,316,496,459,338,701,754,681,444,429,471,343,109,73,331,96,94,75,163,542,278,481,719,526,333,286,422,361,184,84,510,273,216,133,431,450,263,533,685,692,598,413,607,532,201,109,532,613,534,537,842,840,499,804,990
2,879,599,564,740,794,371,162,653,581,295,316,495,459,338,701,754,681,444,429,471,343,109,73,331,96,94,75,163,541,278,481,719,526,333,286,423,361,184,84,509,272,216,133,431,449,263,532,686,692,598,413,606,532,201,109,532,614,533,536,842,841,499,804,990
2,869,593,558,741,790,362,160,653,578,291,322,492,460,332,704,760,683,443,422,478,343,113,69,336,91,94,76,165,549,274,482,711,523,332,285,424,361,181,88,510,272,220,132,446,457,261,537,681,690,590,412,610,533,201,108,520,610,535,546,833,852,493,800,989
2,866,594,566,735,770,359,154,656,587,295,313,491,457,323,699,755,671,440,421,469,337,112,70,330,92,91,76,157,539,271,477,710,515,321,290,425,359,180,85,502,264,215,133,438,451,264,533,679,690,591,408,604,527,199,104,522,610,528,534,832,847,493,794,987
2,866,580,559,728,773,358,157,636,577,289,313,490,457,331,700,744,676,435,422,468,339,107,70,325,88,95,72,165,529,275,469,695,508,320,281,418,362,176,85,497,272,214,131,440,443,260,530,669,687,584,410,605,526,198,110,520,599,525,538,813,845,486,785,962
2,866,580,559,728,773,358,157,636,577,289,313,490,457,331,700,744,676,435,422,468,339,107,70,325,88,95,72,165,529,275,469,695,508,320,281,418,362,176,85,497,272,214,131,440,443,260,530,669,687,584,410,605,526,198,110,520,599,525,538,813,845,486,785,962
2,898,591,569,742,789,364,159,652,596,295,316,495,459,320,698,762,684,443,425,478,344,113,73,333,96,94,74,165,544,278,476,718,524,331,290,421,367,183,86,509,267,219,134,442,461,255,543,682,700,602,417,613,529,203,112,525,608,537,541,839,852,501,802,991
2,865,575,557,731,776,357,157,636,574,292,315,491,456,331,699,748,674,436,422,469,340,109,70,326,89,93,73,165,528,276,467,696,514,319,283,419,360,176,86,496,272,216,132,439,444,258,529,671,686,581,412,605,530,199,109,516,602,523,542,810,842,490,779,956
2,870,582,563,737,773,360,157,643,580,290,317,493,462,332,703,753,678,436,422,470,339,107,72,328,89,96,73,165,538,276,474,700,510,321,283,419,364,179,85,500,272,216,131,445,445,264,533,674,698,589,414,610,529,198,111,526,601,529,540,820,855,489,789,978
2,428,291,293,364,383,193,83,329,295,149,153,249,235,172,354,376,338,213,209,235,172,58,35,183,56,45,41,85,281,124,244,364,264,166,153,225,182,90,50,243,136,104,62,224,232,129,274,354,346,324,192,311,266,111,54,260,318,262,274,432,425,265,407,504
2,874,585,566,746,787,364,160,652,582,293,320,498,463,337,708,759,684,443,427,474,343,109,73,329,94,96,76,163,543,278,478,707,521,327,286,424,362,180,85,498,277,217,133,447,451,263,536,681,700,596,416,615,540,200,111,527,609,529,547,829,860,496,786,978
2,874,587,564,747,783,366,161,652,585,294,315,498,461,336,709,763,683,441,425,474,343,108,73,329,92,96,74,166,545,277,480,705,519,329,287,419,362,178,87,502,273,212,129,449,450,265,536,683,700,597,416,615,537,201,110,530,608,532,544,829,863,498,791,975
2,831,556,542,713,758,348,158,624,552,287,310,479,446,323,692,722,645,427,409,464,328,103,69,318,92,91,74,164,517,271,455,681,502,320,277,404,345,174,86,483,272,209,132,431,441,253,520,654,670,573,398,591,517,194,110,499,591,504,529,799,817,477,755,903
2,784,516,497,676,695,337,146,587,527,268,286,440,417,308,636,688,604,399,388,424,317,96,69,301,84,89,65,154,493,259,436,645,460,303,265,374,325,162,81,461,246,194,123,397,414,235,483,596,625,540,371,560,482,189,100,492,544,484,487,745,764,459,709,857
2,875,591,561,743,778,360,158,653,585,294,319,488,455,328,710,761,683,442,417,477,340,110,71,329,93,94,73,167,549,282,483,703,519,329,290,422,368,181,84,507,275,215,128,450,453,259,539,685,698,597,416,611,532,199,110,524,612,535,546,841,860,500,796,976
2,874,586,566,745,786,365,160,652,583,295,320,497,463,335,708,759,684,443,426,474,343,110,73,329,94,96,76,164,543,278,478,707,521,327,289,423,362,180,86,499,277,217,133,447,451,263,536,680,700,595,416,615,540,199,111,526,610,529,547,828,859,496,786,978
2,854,569,554,723,774,354,153,639,568,286,303,485,452,329,695,745,660,437,409,468,333,100,70,320,89,90,71,157,530,267,465,691,507,320,279,413,349,170,81,488,267,200,124,438,441,255,528,667,682,586,405,606,522,197,105,514,600,517,532,815,845,483,776,947
2,873,590,565,742,783,363,160,658,595,294,319,495,460,327,701,759,673,443,425,481,343,114,73,334,95,96,74,164,548,281,481,716,520,333,291,423,363,182,87,508,269,218,132,444,459,255,542,678,701,599,421,614,528,203,111,533,610,536,541,835,855,497,795,996
2,856,577,559,731,774,361,157,645,577,295,319,492,457,331,705,760,673,438,419,476,341,104,73,328,92,93,75,164,539,277,474,700,510,329,286,417,364,178,85,501,277,217,133,445,447,259,531,674,687,590,411,612,533,202,111,517,604,528,546,817,850,494,788,973
2,875,591,561,743,778,360,158,654,585,294,319,488,455,328,710,760,683,442,417,477,340,110,71,329,93,94,73,167,549,282,483,704,519,330,290,421,368,181,84,507,275,215,128,450,453,259,539,685,698,597,416,611,532,199,110,524,612,535,546,841,860,500,796,975
2,845,576,547,727,767,356,161,645,572,291,311,489,451,328,698,744,653,435,421,466,334,105,71,325,92,95,73,164,536,276,474,697,510,324,286,412,353,175,86,493,272,208,127,440,446,259,521,675,691,587,409,601,524,199,109,525,599,518,535,817,846,492,780,950
2,876,591,557,737,781,361,160,655,582,295,320,485,454,332,708,766,682,443,414,478,341,109,72,329,91,96,72,166,550,283,482,705,520,333,287,420,369,180,86,509,271,220,130,447,455,261,535,680,694,594,416,612,532,199,111,527,611,535,544,839,855,497,798,986
2,873,585,565,746,788,364,160,652,583,295,320,497,462,336,707,760,683,443,427,474,343,108,73,329,94,96,76,164,543,278,477,708,520,327,289,423,360,180,86,499,277,217,134,447,451,263,536,681,701,597,416,614,540,200,111,526,609,527,547,829,861,496,787,978
2,874,588,564,747,784,366,161,652,585,294,315,498,461,336,709,763,684,441,425,474,343,108,73,329,92,96,74,166,545,277,480,705,519,329,287,420,362,178,87,502,273,212,129,449,450,265,537,682,700,597,416,614,537,201,110,530,609,532,544,829,862,498,791,975
2,864,580,561,738,777,361,159,649,578,294,312,491,458,332,703,753,677,438,423,474,340,104,75,326,88,95,74,166,539,276,476,695,511,327,284,417,361,179,85,502,273,216,131,446,447,262,530,674,693,592,410,607,533,198,109,519,604,529,543,818,847,487,789,966
2,865,582,563,736,775,364,159,648,580,290,313,494,454,334,701,754,677,438,417,468,338,106,72,325,91,96,75,165,541,277,475,700,516,327,286,416,356,174,88,499,271,211,127,445,444,259,530,680,692,591,410,609,533,197,110,528,606,526,537,818,854,496,784,976
2,864,581,563,737,775,364,159,647,580,291,312,495,454,334,702,754,677,438,418,468,339,108,72,326,91,96,73,165,541,276,476,700,516,327,286,416,356,174,87,500,272,210,126,446,445,261,532,678,692,591,410,609,532,199,110,527,606,526,541,818,853,495,784,971
2,869,586,564,745,783,364,159,650,581,293,316,494,462,334,707,761,683,442,422,472,341,108,73,327,93,93,75,162,543,277,478,703,515,327,287,419,361,178,85,502,273,214,130,448,446,264,533,679,699,594,411,613,534,200,108,528,607,530,543,824,859,494,788,970
2,875,579,556,728,765,353,160,638,570,291,316,485,450,327,691,743,671,432,410,460,336,108,73,326,92,93,76,165,530,274,466,691,511,322,284,408,355,181,85,487,272,213,129,432,439,252,517,671,684,578,404,599,525,199,110,510,596,516,525,803,840,488,771,946
2,874,584,566,747,786,364,160,652,583,295,321,497,463,336,708,759,684,442,427,473,343,109,73,329,94,96,76,164,543,278,478,707,521,327,290,423,362,180,86,499,278,217,133,446,451,263,535,680,700,596,415,615,539,200,111,526,610,529,546,828,859,495,786,978
2,865,579,553,733,774,356,159,640,572,292,312,487,451,328,704,744,677,434,424,468,339,109,71,319,93,95,75,162,525,274,467,690,513,321,283,416,360,176,85,493,274,215,133,436,446,258,527,669,682,584,407,602,533,196,110,505,600,522,540,820,841,481,777,955
2,864,581,557,734,781,364,160,642,578,293,309,492,453,333,703,752,678,440,424,472,343,107,71,325,91,95,73,165,534,276,473,695,515,329,283,415,360,174,87,499,273,210,129,442,447,259,532,672,682,590,408,607,532,201,109,519,604,527,542,818,844,492,786,956
2,841,562,552,713,754,354,155,625,571,288,303,479,442,328,682,733,660,425,411,459,333,103,70,317,89,94,73,163,519,269,464,684,508,321,279,407,350,170,87,494,267,206,124,433,437,250,521,655,662,573,398,594,519,196,109,509,592,519,528,795,820,484,770,932
2,778,523,503,671,699,330,145,590,531,272,294,440,404,305,646,674,604,394,389,427,311,94,69,299,85,85,72,153,488,253,427,644,482,298,264,365,323,168,81,444,258,196,123,400,418,231,473,613,611,542,381,553,480,181,104,486,533,473,493,748,767,461,706,850
2,855,568,552,732,764,353,156,640,569,291,320,489,456,328,699,747,659,430,420,468,333,108,71,328,90,94,73,164,535,277,468,696,512,318,284,414,358,178,86,493,271,216,131,440,445,260,527,671,693,582,414,605,526,198,110,521,599,519,537,815,845,491,773,955
2,806,543,519,688,725,340,151,603,545,276,295,459,424,310,659,711,618,408,401,442,322,99,63,311,86,89,67,148,503,261,441,663,484,306,276,389,333,164,80,464,262,198,121,413,422,237,499,628,647,556,378,572,492,193,100,498,564,484,511,773,795,472,738,886
2,874,588,564,747,784,366,161,652,585,294,314,499,461,336,709,763,684,441,425,474,343,108,73,329,92,96,74,166,545,277,480,705,519,329,287,420,362,178,87,501,273,211,129,449,450,266,537,682,700,597,416,614,537,201,110,531,609,532,544,829,862,498,791,975
2,874,587,564,748,784,365,161,653,584,294,315,498,462,337,709,763,684,441,424,475,343,107,73,329,92,96,74,166,545,277,478,707,519,328,287,418,362,178,87,502,272,211,129,449,452,265,538,681,700,599,416,616,537,202,110,529,608,533,542,831,863,497,792,973
2,874,585,566,746,787,364,160,652,583,296,320,496,462,336,708,759,684,442,427,474,343,109,73,329,94,96,76,164,543,278,478,708,521,327,289,423,361,180,86,500,277,217,133,447,452,263,536,679,700,597,415,614,540,200,111,526,610,528,547,829,859,496,786,977
2,875,591,560,736,788,360,160,658,589,289,322,487,456,335,704,749,677,444,427,481,341,108,74,326,94,96,76,166,539,277,483,719,520,330,284,428,368,181,87,503,273,219,135,442,451,263,535,678,696,598,417,603,535,201,113,525,617,526,543,833,860,501,796,979
2,843,571,550,724,758,356,156,632,563,284,310,483,446,323,688,740,664,426,407,455,330,108,73,321,90,97,72,159,527,264,463,677,509,318,278,404,353,174,84,481,270,205,125,440,442,253,522,660,675,580,404,598,513,194,109,505,589,512,532,805,834,480,767,937
2,843,571,550,724,758,357,155,632,563,283,311,482,446,323,687,740,666,425,405,456,331,108,73,322,90,96,72,160,527,265,464,678,509,318,278,404,352,175,84,482,271,205,125,440,441,253,522,660,674,581,404,597,514,194,109,506,589,514,531,803,833,481,767,934
2,840,568,546,716,760,353,156,625,561,283,306,479,441,322,686,732,661,426,407,454,329,108,71,318,89,95,71,159,518,264,459,674,507,317,276,405,351,172,83,479,271,204,126,434,439,248,518,656,665,575,400,592,510,193,108,502,587,508,531,797,825,479,763,919
2,844,570,550,725,760,355,156,632,564,284,310,482,446,324,689,740,664,427,407,456,329,108,73,321,90,96,72,159,527,265,464,679,509,318,278,406,353,175,83,482,271,206,126,439,441,252,521,661,675,580,404,597,514,193,109,508,589,512,533,804,834,482,767,935
2,898,599,557,743,791,358,163,660,587,290,318,499,461,335,705,756,681,446,423,474,343,112,71,332,95,93,74,167,551,283,483,720,518,328,290,423,358,179,86,512,275,218,132,439,450,262,538,689,701,595,411,607,537,202,113,528,601,533,536,842,853,499,794,984
3,875,587,563,746,772,358,157,655,586,286,315,490,463,330,712,759,679,443,420,467,342,99,73,322,90,95,74,166,540,274,474,715,521,328,282,424,359,180,86,501,272,210,130,446,456,264,526,676,708,586,415,615,539,199,107,523,610,529,544,821,853,501,792,974
3,874,589,563,743,775,358,158,652,584,287,316,489,462,330,711,760,681,443,421,469,343,99,73,322,90,95,74,167,541,275,474,711,521,328,282,422,359,181,86,501,271,210,130,447,455,264,527,677,705,585,413,617,539,199,107,524,611,529,543,821,851,501,792,977
3,865,588,565,741,774,353,154,650,576,288,319,485,460,328,707,761,680,439,421,472,341,99,70,323,89,93,75,163,535,275,464,722,517,325,274,428,357,181,86,498,268,218,132,440,451,261,523,679,704,584,408,613,544,197,110,518,613,517,539,830,862,502,802,980
3,859,587,561,740,775,357,156,648,587,291,321,486,466,327,703,752,675,438,419,467,340,104,74,325,87,93,75,164,532,273,466,716,522,327,285,427,357,182,83,497,270,215,127,442,454,262,528,682,697,577,408,616,530,200,107,521,612,528,533,828,845,507,796,976
3,875,590,562,742,774,359,158,655,586,286,316,490,461,329,710,758,678,445,421,467,342,99,73,322,90,95,74,167,540,273,474,716,521,328,282,424,359,180,86,501,272,210,130,447,455,264,528,677,707,585,416,613,539,198,107,523,610,529,544,821,853,502,792,974
3,878,588,562,744,773,357,158,655,586,286,316,489,461,331,711,758,677,444,421,468,342,99,73,321,90,95,74,167,540,274,474,715,521,328,282,424,359,180,86,501,272,210,130,447,455,264,527,677,708,585,415,613,539,199,107,524,610,529,544,821,853,501,792,974
3,875,588,561,744,775,359,160,654,585,285,317,488,459,330,708,761,680,447,420,469,342,99,73,323,90,95,74,167,540,275,477,712,521,328,282,422,359,180,86,501,272,211,130,446,454,263,526,677,704,586,415,612,541,199,106,524,609,529,543,820,853,503,790,980
3,875,586,562,748,771,358,158,655,586,286,316,488,464,330,711,759,678,445,421,465,342,99,73,322,90,95,74,167,540,274,474,715,521,328,282,424,359,180,86,501,272,210,130,447,455,264,527,676,709,585,414,615,539,199,107,523,610,529,544,821,853,501,792,974
3,875,590,562,743,774,358,158,656,586,286,316,489,461,330,711,757,677,445,421,467,342,99,73,322,90,95,74,167,541,274,474,714,521,328,282,424,359,180,86,501,272,210,130,447,455,264,527,677,709,585,415,613,538,199,107,522,610,529,544,821,853,499,792,978
3,875,588,562,745,773,358,157,655,586,286,316,489,462,329,712,759,677,444,421,467,341,99,73,322,91,95,74,166,540,274,473,715,522,328,282,424,359,180,86,501,272,210,130,447,455,264,527,677,708,585,415,614,539,198,108,522,610,529,544,822,853,501,793,975
3,875,588,562,745,775,357,158,653,586,286,315,489,459,330,712,761,682,444,420,468,342,99,73,321,90,95,75,166,541,274,472,712,521,328,282,424,359,180,86,501,272,210,131,447,455,264,527,677,704,584,415,614,540,199,107,522,610,529,544,822,851,501,794,979
3,875,587,562,745,773,358,157,655,586,287,316,489,462,330,711,758,679,445,420,466,342,99,73,322,90,95,74,167,540,274,474,715,520,328,283,424,358,180,87,501,272,210,130,447,456,264,527,677,707,585,416,614,539,199,107,523,610,528,544,822,853,501,792,974
3,878,587,562,746,772,358,158,654,586,286,316,489,463,330,711,758,677,445,420,467,342,99,73,322,90,95,74,167,538,274,474,715,521,328,282,424,359,180,86,501,272,210,130,447,455,263,527,678,709,584,416,613,539,199,107,522,610,529,544,821,854,501,792,975
3,875,587,562,747,772,358,158,655,586,286,316,488,463,330,711,759,678,445,420,466,342,99,73,321,90,95,74,167,540,274,474,715,521,328,282,424,359,180,86,501,272,210,130,447,455,264,527,676,709,585,415,614,538,198,107,524,610,529,544,821,854,500,792,976
3,878,588,562,744,773,358,158,654,586,286,316,489,460,330,711,759,677,444,421,468,342,99,73,322,90,95,74,167,541,273,474,715,521,328,282,424,359,180,86,501,272,210,130,447,455,264,527,677,708,585,415,612,539,199,107,524,610,529,544,821,852,503,792,974
3,873,589,563,743,775,358,159,653,585,287,316,489,460,330,711,759,680,444,421,468,343,99,73,322,91,95,74,167,541,275,474,712,522,329,282,422,359,181,86,501,271,210,130,447,455,264,527,677,705,585,414,615,538,199,107,524,611,529,543,821,852,500,792,977
3,875,588,562,745,773,358,157,655,586,286,317,489,462,330,712,758,678,444,422,467,342,99,73,322,90,95,74,166,540,274,473,715,521,328,282,424,359,180,86,501,272,210,130,447,455,264,527,677,708,585,415,614,539,199,107,523,610,529,543,822,853,501,792,974
3,875,588,562,745,773,358,158,654,586,286,316,489,462,330,711,759,677,444,421,468,342,99,73,322,90,95,74,167,540,273,474,715,521,328,282,424,359,180,86,501,272,210,130,447,455,264,527,677,709,585,415,613,539,199,107,523,610,529,544,821,853,502,792,974
3,875,589,563,743,775,358,158,652,585,287,315,490,461,330,711,760,681,442,421,469,343,99,73,322,90,95,74,167,541,274,474,712,521,328,282,423,359,181,86,501,271,210,130,446,455,264,527,677,705,586,414,615,538,199,107,524,611,529,543,821,852,501,792,977
3,875,589,562,743,773,358,158,654,586,286,316,489,462,330,711,759,677,444,421,469,342,99,73,322,90,95,74,167,540,273,474,715,520,328,282,424,360,180,86,501,272,210,130,447,455,264,527,677,709,584,415,614,539,199,107,523,609,530,544,821,853,502,792,974
3,877,589,563,749,777,357,159,654,588,288,317,492,461,332,712,761,683,445,422,467,342,100,73,325,90,95,74,168,545,275,475,713,523,328,285,424,359,183,86,503,274,210,131,447,457,264,530,677,707,587,418,615,541,199,107,524,611,532,544,822,853,502,792,975
3,863,582,556,739,774,359,160,647,576,288,313,487,461,326,699,756,667,447,416,465,339,97,67,325,94,93,75,166,540,279,475,703,513,327,283,419,361,176,88,510,273,216,130,436,451,257,527,671,701,583,413,609,529,193,109,520,596,536,537,813,846,494,771,977
3,877,591,562,747,777,360,160,655,588,286,317,492,461,331,710,763,681,446,422,468,342,100,73,326,90,95,74,167,546,274,477,712,524,328,284,424,359,181,86,502,274,211,131,445,457,263,529,678,707,589,418,615,540,199,106,524,611,530,543,824,854,503,792,977
3,863,591,561,749,774,352,157,659,588,291,311,483,465,327,712,743,672,440,416,468,333,103,72,330,85,93,75,168,539,273,475,723,518,323,282,427,356,183,87,504,270,219,132,442,452,265,535,674,699,578,402,611,535,200,107,519,617,530,543,831,848,504,803,979
3,869,591,560,745,781,357,158,654,591,293,317,488,464,326,710,755,682,446,426,464,338,105,73,329,91,93,76,165,541,274,478,720,521,333,285,431,361,181,85,509,269,222,129,434,453,261,535,677,699,582,414,614,539,199,109,522,614,528,535,832,855,505,793,977
3,877,590,562,747,777,358,160,655,587,287,318,492,461,331,710,762,681,445,423,468,343,99,73,325,90,95,74,167,544,277,477,712,523,328,285,423,359,183,86,503,274,211,131,446,457,263,529,678,707,589,417,615,539,199,106,525,611,532,543,823,855,500,793,978
3,877,590,562,747,777,358,160,655,587,287,318,492,461,331,710,762,681,445,423,468,343,99,73,325,90,95,74,167,544,277,477,712,523,328,285,423,359,183,86,503,274,211,131,446,457,263,529,678,707,589,417,615,539,199,106,525,611,532,543,823,855,500,793,978
3,876,590,562,746,776,358,160,653,588,286,318,493,460,332,711,762,681,445,423,466,342,100,72,326,89,94,75,167,545,272,477,714,523,328,284,424,359,182,86,503,274,211,132,448,458,264,532,677,706,586,419,618,538,199,106,524,611,533,544,824,856,501,792,977
3,870,587,558,745,773,359,159,649,584,285,316,491,462,329,712,756,679,442,421,466,341,100,73,325,91,94,74,167,543,273,474,709,518,327,283,423,358,181,86,501,272,210,130,446,457,263,526,676,706,587,417,613,537,198,107,522,607,531,541,819,850,501,785,975
3,866,592,561,742,775,355,163,652,589,292,314,487,466,328,705,758,680,445,415,471,337,104,72,326,91,97,74,167,543,277,474,715,524,333,284,421,360,175,84,512,273,220,130,442,458,263,539,679,699,582,413,613,540,197,108,523,613,529,536,841,836,502,808,973
3,877,590,561,747,775,359,160,652,588,286,318,492,461,332,711,762,680,443,424,466,342,100,73,326,89,95,75,167,545,273,477,713,523,328,284,424,358,182,87,504,274,211,132,448,458,264,532,676,707,586,418,619,539,199,105,524,611,533,544,824,855,500,792,978
3,864,591,561,746,779,361,160,645,571,288,316,487,460,327,698,762,686,446,414,471,341,101,71,325,87,96,73,170,533,273,465,716,511,328,285,424,354,181,86,497,267,216,133,437,453,264,531,684,700,582,403,614,543,200,108,519,616,521,532,826,858,501,796,987
3,877,590,561,747,775,359,160,653,588,286,318,492,460,332,711,762,680,444,423,467,342,100,73,326,89,94,75,167,545,273,477,714,523,328,284,423,359,182,86,503,274,211,132,449,459,264,532,676,707,587,419,617,539,199,105,525,610,533,545,824,855,501,792,975
3,877,590,561,747,775,359,160,652,588,286,318,492,461,332,711,762,680,443,424,466,342,100,73,326,89,95,75,167,545,273,477,714,523,328,284,424,358,182,87,504,274,211,132,448,458,264,532,676,707,586,418,619,539,199,105,525,611,533,544,823,855,501,791,977
3,877,590,561,747,775,358,159,655,588,286,318,492,460,332,712,761,680,445,423,466,341,100,73,326,89,94,74,166,547,273,477,714,523,326,284,425,360,182,86,503,274,212,132,448,458,264,532,676,707,588,419,616,539,199,105,525,610,533,546,825,854,501,792,975
3,872,584,559,740,771,359,152,644,583,282,310,488,461,324,704,758,676,435,415,464,342,99,68,319,84,93,70,159,543,265,467,704,518,324,279,421,353,176,85,497,271,206,128,435,452,255,520,665,701,586,415,611,526,195,99,518,606,521,537,810,846,496,782,968
3,877,590,561,747,777,360,160,651,587,286,317,492,461,331,712,763,680,444,423,469,343,101,73,326,89,94,75,167,544,272,476,714,523,328,284,423,359,182,86,503,274,211,133,448,458,264,532,676,707,588,417,617,538,199,105,524,611,533,545,824,855,501,793,975
3,877,590,561,747,775,359,160,653,588,285,318,493,461,332,711,762,679,444,424,467,342,100,73,326,89,94,75,167,545,273,476,714,523,328,284,424,359,182,86,502,274,211,132,448,458,264,531,677,708,587,418,617,539,199,105,525,611,533,544,823,855,501,793,977
3,877,589,562,748,776,358,160,654,588,287,318,492,461,331,710,763,681,445,423,466,340,100,73,326,92,95,74,166,546,275,476,713,523,328,285,425,359,181,86,504,274,210,132,447,457,265,528,677,707,588,418,615,541,199,107,524,610,532,543,823,853,502,794,976
3,877,590,561,748,775,359,160,653,588,285,317,493,462,332,711,762,681,444,422,466,342,100,73,326,89,94,75,167,545,273,477,714,523,327,284,424,358,182,86,503,273,211,132,448,459,264,531,676,707,588,419,618,539,199,105,525,611,533,544,823,855,501,792,977
3,877,590,561,748,775,359,160,653,588,285,317,493,462,332,711,762,681,444,422,466,342,100,73,326,89,94,75,167,545,273,477,714,523,327,284,424,358,182,86,503,273,211,132,448,459,264,531,676,707,588,419,618,539,199,105,525,611,533,544,823,855,501,792,977
3,878,588,562,744,773,358,158,654,586,286,316,489,461,330,711,759,677,444,421,468,342,99,73,322,90,95,74,167,540,273,474,715,521,328,282,424,359,180,86,501,272,210,130,447,455,264,527,677,708,585,415,613,539,199,107,523,610,529,544,821,853,502,792,974
3,877,590,561,748,775,359,160,653,588,285,317,493,462,332,711,762,681,444,422,466,342,100,73,326,89,94,75,167,545,273,477,714,523,327,284,424,358,182,86,503,273,211,132,448,459,264,531,676,707,588,419,618,539,199,105,525,611,533,544,823,855,501,792,977
3,875,588,562,744,774,358,158,655,586,286,316,489,461,330,711,759,680,445,420,468,342,98,70,322,90,95,74,165,540,276,475,715,521,328,282,424,358,179,86,501,272,210,130,447,454,265,527,675,705,585,415,613,540,197,108,526,610,528,544,822,853,501,791,973
3,878,587,562,745,774,358,158,652,586,286,316,489,460,331,711,760,680,444,421,468,342,99,73,322,90,95,74,167,540,274,473,713,521,328,282,424,359,180,86,501,271,210,130,447,455,264,527,677,705,585,415,613,540,199,107,523,611,529,543,821,852,501,793,977
3,872,586,565,742,783,355,153,650,577,292,316,487,460,319,695,762,672,445,419,473,339,103,72,326,89,93,72,163,534,272,469,719,520,326,284,418,358,177,84,509,260,216,130,437,453,258,525,672,697,585,405,618,534,203,109,516,613,528,533,826,844,502,800,984
3,869,588,558,742,769,355,148,648,582,285,305,486,453,324,705,751,677,437,411,464,341,100,66,317,84,91,70,157,535,262,465,707,518,323,276,421,347,175,85,491,267,207,130,439,447,256,520,666,687,581,408,614,527,197,102,512,611,515,534,813,840,499,785,968
3,869,586,559,749,779,362,159,652,582,288,313,491,467,326,715,761,676,449,418,466,340,101,73,329,91,95,75,168,547,275,476,710,518,328,287,424,361,180,87,505,274,217,131,444,458,261,535,676,709,585,417,621,528,197,107,516,609,535,549,830,851,493,789,986
3,877,591,562,745,775,359,160,656,588,287,318,492,461,331,712,760,681,446,423,466,342,100,73,326,91,94,74,167,546,276,477,712,523,328,285,425,360,182,85,503,274,212,131,446,457,264,530,677,706,587,418,617,540,199,107,524,611,531,544,824,853,501,791,975
3,859,590,564,741,785,360,158,653,585,290,316,494,463,327,710,756,681,439,423,473,335,105,70,328,89,93,76,167,548,276,477,716,518,332,280,424,354,183,88,512,272,220,131,441,453,261,539,676,701,590,415,609,539,200,109,519,612,529,544,835,853,495,802,989
1,883,603,576,757,798,367,163,668,597,298,324,499,467,332,709,773,698,453,429,475,345,112,77,337,93,96,74,171,552,280,487,728,531,336,293,429,371,188,85,511,280,219,132,449,459,267,542,695,706,603,421,620,542,205,109,531,618,541,550,845,873,508,815,998
1,887,603,577,762,802,367,162,668,600,301,325,503,472,336,721,771,697,455,434,481,344,112,78,338,93,98,74,171,556,283,488,732,534,336,295,434,374,188,85,519,280,222,133,452,461,271,548,697,711,605,423,623,547,206,111,534,625,545,555,851,874,508,818,1002
1,871,596,570,745,789,358,159,665,588,294,319,493,461,326,709,756,686,447,418,472,334,112,75,331,91,97,72,166,545,276,479,715,530,331,289,422,368,187,84,505,276,219,132,440,453,262,532,682,696,597,417,612,534,197,108,516,617,534,541,829,864,491,799,977
1,885,604,577,758,802,366,162,670,599,298,325,504,471,333,719,772,696,453,432,482,346,112,77,336,93,96,74,171,556,283,489,726,531,337,295,435,372,188,84,515,281,221,132,450,462,270,546,696,712,605,422,620,544,206,111,532,624,544,553,849,872,507,815,1000
1,887,607,578,760,802,368,162,671,599,301,325,503,473,336,722,772,698,453,431,484,347,111,78,337,94,96,74,172,556,284,489,734,534,335,294,436,372,189,85,518,281,222,134,453,464,270,548,697,713,608,425,623,545,206,111,537,625,545,556,851,876,509,818,1003
1,887,605,576,757,803,366,162,671,598,300,325,502,470,336,718,771,697,455,431,482,344,112,76,337,93,97,74,171,556,283,491,732,532,337,295,433,373,187,85,518,281,222,133,452,462,271,548,694,709,605,423,623,545,205,112,536,624,544,555,850,873,508,816,998
1,886,608,578,758,803,368,162,669,600,300,325,504,472,336,722,774,698,453,433,484,347,112,77,337,93,96,73,171,555,284,490,731,534,335,295,436,373,188,85,517,281,222,133,452,462,270,547,698,712,606,423,626,545,206,109,537,626,545,557,850,878,507,818,1004
1,862,584,565,731,782,349,158,649,581,294,314,487,454,321,694,747,680,443,415,466,327,107,75,327,91,96,72,168,536,275,473,702,519,327,285,418,364,187,85,503,271,217,131,430,444,258,528,669,681,584,412,601,531,194,109,509,606,531,531,814,845,489,786,963
1,885,602,574,754,799,365,159,665,595,299,322,500,471,330,720,771,690,451,427,482,340,112,76,335,92,94,73,169,549,283,487,721,530,333,292,435,373,188,84,512,278,220,132,448,462,266,545,688,708,602,423,622,539,200,109,528,624,544,550,844,873,498,808,991
1,884,599,575,756,798,363,162,664,598,301,323,500,470,333,722,767,690,451,430,483,341,111,76,334,93,97,72,170,549,283,486,727,533,335,294,434,372,188,84,518,280,221,134,448,459,267,546,693,705,602,423,620,544,203,110,529,624,542,553,847,873,502,812,1003
1,833,567,549,715,746,340,146,625,568,276,297,466,446,300,680,732,648,412,394,452,318,107,65,311,84,91,63,149,512,265,443,687,510,310,271,407,339,174,77,479,259,204,122,406,426,243,500,643,668,568,393,583,504,184,98,498,584,498,509,792,832,470,759,924
1,886,603,576,760,801,366,162,665,600,300,324,502,471,336,721,771,696,452,432,483,345,112,78,336,93,98,73,171,553,283,487,728,534,336,295,434,373,188,85,515,280,220,133,451,460,270,547,696,709,602,423,622,545,206,110,535,625,543,554,850,873,506,816,1002
1,846,566,551,715,746,342,150,626,565,276,303,466,433,308,672,716,656,421,396,438,322,109,67,314,88,92,66,152,506,270,451,669,511,313,278,400,342,175,76,470,265,201,123,410,424,240,500,645,665,563,386,576,500,187,105,490,583,493,508,780,825,465,741,899
1,888,609,578,757,802,369,161,675,598,301,325,506,470,334,723,768,697,452,437,483,347,114,76,338,92,98,74,169,558,282,491,736,533,336,294,434,375,188,85,521,281,222,134,453,464,268,548,697,714,610,421,621,545,205,111,533,626,548,557,849,874,510,817,1002
1,886,607,578,759,802,368,162,670,600,301,325,504,472,335,721,774,699,452,431,484,347,112,77,337,93,97,74,171,558,284,489,732,534,336,295,435,372,188,85,519,281,221,133,452,464,270,547,695,712,607,426,624,545,206,111,537,626,545,555,849,875,510,817,1008
1,880,601,576,754,796,365,162,668,597,296,324,496,467,335,715,766,692,449,426,478,340,112,76,336,93,96,72,171,552,279,486,725,530,335,290,433,366,188,84,513,277,218,131,449,461,265,541,692,709,605,421,619,544,201,110,527,620,541,548,841,873,503,807,1000
1,886,601,572,751,799,361,160,660,591,298,321,498,467,331,714,767,693,450,425,479,338,108,77,332,92,95,74,170,546,280,482,719,529,332,289,431,372,188,85,509,277,219,130,443,460,264,542,683,701,597,422,617,539,199,109,527,621,542,543,838,864,500,806,982
1,876,600,571,744,791,362,159,663,593,297,322,494,461,331,704,757,693,448,427,470,337,110,77,333,92,95,73,169,544,279,481,723,531,332,290,424,370,188,85,504,278,219,133,445,451,261,538,688,693,595,418,615,540,199,108,526,614,536,546,831,864,502,802,979
1,887,609,577,757,803,371,161,672,599,300,326,503,470,334,722,766,699,454,434,480,347,112,76,337,93,95,74,169,554,283,490,734,533,337,295,434,373,186,84,517,282,220,133,452,465,268,545,695,712,609,423,621,545,204,111,533,625,543,555,848,873,509,815,1000
1,879,604,573,756,795,363,159,671,596,296,324,494,463,336,710,765,696,449,426,476,341,112,77,336,91,96,74,169,554,280,485,728,533,334,293,426,370,188,83,509,280,220,134,449,455,265,541,692,704,601,418,616,541,204,111,532,619,538,550,840,867,507,811,993
1,886,606,572,750,802,368,162,665,595,299,324,501,466,333,716,763,697,452,433,480,344,109,76,335,92,97,75,170,549,282,485,733,531,336,292,428,373,187,86,518,280,222,134,448,462,264,543,691,700,604,422,620,543,201,110,531,620,546,550,840,869,506,812,994
1,883,604,574,750,802,366,161,661,594,300,320,501,468,335,721,764,698,451,432,482,348,114,76,333,93,96,73,170,545,281,485,727,530,336,292,434,371,186,85,514,281,219,133,447,460,266,544,692,699,599,417,621,542,206,110,530,623,541,553,844,864,506,812,986
1,875,597,573,751,791,363,160,667,593,298,324,493,464,330,711,762,689,449,425,475,339,112,76,336,92,97,73,168,548,279,482,724,530,334,293,428,369,189,84,509,281,219,132,446,454,262,537,693,702,600,417,614,539,201,110,522,618,537,548,838,867,501,811,993
1,878,604,576,753,794,364,159,671,596,299,324,496,465,333,710,764,696,447,427,476,341,111,77,337,91,97,74,169,555,280,485,729,532,334,293,428,370,188,85,511,280,220,134,450,456,265,541,694,705,604,419,616,541,204,110,530,619,538,551,841,867,507,813,992
1,882,607,577,756,799,365,161,671,600,300,325,502,469,335,719,768,698,448,431,482,343,111,77,337,92,97,74,171,557,283,489,731,533,335,295,432,373,188,85,517,281,222,134,453,463,270,548,696,709,607,423,621,545,205,111,535,622,544,556,850,871,507,816,995
1,865,588,566,739,782,354,157,650,582,297,317,489,455,323,699,753,684,440,418,469,330,107,76,328,91,95,74,166,532,274,474,707,522,327,286,420,368,188,85,500,272,216,130,437,449,258,530,676,686,587,415,603,531,193,108,511,609,533,534,822,854,489,795,968
1,886,605,578,758,800,369,163,671,599,301,326,505,472,334,722,769,698,453,433,481,346,112,76,336,94,98,75,169,556,282,489,735,533,337,295,435,373,186,86,521,282,221,133,454,465,270,545,696,710,608,425,623,546,204,111,534,624,546,555,849,873,509,818,1000
1,888,607,578,758,804,367,162,669,600,299,324,502,469,334,720,774,699,453,432,483,346,111,74,337,93,95,74,171,554,285,489,731,533,335,295,435,373,186,85,517,280,222,133,449,460,270,542,695,711,607,420,621,544,205,112,536,625,545,553,845,877,508,816,1008
1,887,607,578,760,802,368,162,671,599,301,325,503,473,336,722,772,698,453,431,484,347,111,78,337,94,96,74,172,556,284,489,734,534,335,294,436,372,189,85,518,281,222,133,452,464,270,547,697,713,608,425,623,545,206,111,537,625,545,556,851,876,509,818,1003
1,885,603,576,761,800,367,162,666,599,298,324,501,469,335,716,775,698,450,430,481,344,112,77,338,93,97,73,171,555,283,487,724,533,336,295,432,371,188,85,512,281,220,132,448,462,270,543,695,709,606,421,621,544,205,110,534,622,541,552,850,872,505,818,999
1,887,605,577,758,802,367,162,668,598,299,325,502,470,336,721,772,697,451,431,484,346,114,78,337,93,97,74,171,554,281,489,730,533,336,295,435,372,190,85,514,281,221,132,451,463,269,546,697,710,606,421,622,543,205,110,535,626,544,554,851,873,508,818,998
1,886,605,577,760,802,367,162,666,601,302,324,502,471,336,722,771,697,452,433,484,346,112,78,336,93,98,73,171,555,284,488,730,535,336,295,434,373,188,85,518,280,221,134,452,460,270,548,697,710,604,424,622,545,206,110,537,626,543,556,851,875,507,817,1005
1,878,599,575,752,791,364,159,664,594,297,324,493,465,331,708,762,695,447,426,472,341,113,76,335,92,97,73,167,547,278,482,725,531,334,293,425,370,187,84,508,280,220,132,443,450,263,534,690,700,597,414,617,539,203,110,526,616,535,545,833,868,506,804,984
1,885,601,576,760,799,367,163,668,598,299,325,497,472,333,712,770,696,455,429,477,345,112,77,336,93,96,74,171,554,279,488,729,532,334,293,430,371,188,85,515,280,220,132,448,458,268,542,695,710,605,421,620,542,204,109,532,617,544,549,846,873,507,813,1001
1,876,601,566,741,789,360,158,657,582,293,310,491,462,326,717,754,688,447,417,474,344,110,76,326,92,94,72,168,536,277,477,714,526,323,286,431,363,185,85,500,275,216,132,439,455,260,531,685,695,592,408,612,529,202,107,522,617,529,547,833,857,497,800,978
1,887,607,577,760,802,368,162,671,599,301,325,502,473,336,722,772,698,453,431,484,347,111,78,337,94,96,74,172,556,284,489,733,533,335,294,436,372,189,85,518,281,222,133,452,464,270,547,697,713,608,425,623,545,206,111,537,625,545,556,850,876,509,817,1003
1,884,603,575,755,799,364,162,668,597,298,322,501,468,333,718,765,692,449,427,480,339,112,77,334,93,97,74,171,552,283,488,724,532,334,294,432,371,188,85,515,279,220,132,448,462,266,545,693,708,606,422,617,540,199,111,532,622,544,550,846,871,501,810,986
1,885,605,577,757,803,367,160,666,599,298,325,500,470,333,718,772,696,451,430,482,347,112,77,336,93,97,73,169,552,281,488,725,533,334,294,433,369,188,84,513,281,219,132,448,461,267,544,694,710,605,421,620,540,206,111,532,620,540,550,849,875,507,809,997
1,876,599,574,746,790,360,157,665,596,297,320,496,464,332,710,757,687,445,425,475,337,112,77,335,92,96,73,168,549,277,485,720,531,333,293,425,367,187,85,504,278,219,132,443,455,266,538,689,702,596,417,617,538,203,110,528,615,531,545,841,864,502,800,982
1,887,605,577,759,803,367,162,669,598,298,325,504,471,336,721,772,698,453,431,483,346,111,78,337,94,96,74,172,553,283,488,730,533,336,294,435,372,189,85,514,281,221,132,451,464,269,546,698,710,606,423,623,545,206,111,534,624,545,554,850,875,508,817,1002
1,885,603,577,759,800,365,162,670,598,297,326,503,471,336,719,769,697,452,430,480,342,112,77,337,93,97,74,170,555,282,487,730,533,335,295,433,373,186,85,515,282,220,132,449,460,271,544,694,709,607,422,622,545,206,110,534,622,545,550,845,875,507,812,995
1,877,599,573,754,792,363,160,668,594,295,326,497,465,333,709,763,694,447,427,473,338,112,77,337,92,97,74,169,551,279,485,727,532,334,293,426,370,186,85,509,281,220,132,447,453,266,539,692,700,602,419,616,541,204,110,528,617,538,548,836,869,505,808,987
1,886,603,578,754,799,367,163,670,597,301,325,504,472,332,720,766,694,453,431,480,342,112,75,335,94,98,74,168,555,282,488,731,532,336,294,433,373,186,85,521,280,221,133,453,464,268,545,694,709,607,424,622,544,201,111,530,623,545,554,845,871,505,814,992
1,875,597,570,750,796,358,158,657,591,293,317,500,464,329,718,760,682,450,427,477,340,111,76,329,91,96,72,168,543,277,484,718,527,328,288,432,366,184,84,512,274,219,131,444,458,268,542,689,704,594,417,613,537,202,108,524,618,539,546,846,864,496,807,986
1,886,605,578,758,800,369,163,671,599,301,326,505,472,334,722,769,698,453,433,481,346,112,76,336,94,98,75,169,556,282,489,735,533,337,295,435,373,186,86,521,282,221,133,454,465,270,545,696,710,608,425,623,546,204,111,534,624,546,555,849,873,509,818,1000
1,863,588,570,741,785,354,159,656,585,294,317,490,459,323,702,757,684,443,416,472,334,110,75,331,92,97,72,168,544,276,477,711,522,330,288,423,364,187,85,506,275,218,133,436,446,263,531,679,693,593,412,605,532,200,110,516,611,533,539,824,854,496,796,982
1,887,606,578,756,801,368,163,669,599,300,326,503,471,333,718,771,695,451,432,483,345,112,76,336,94,97,73,170,554,282,489,730,533,336,294,432,373,188,84,518,280,222,133,454,464,269,545,696,712,608,424,621,542,202,111,532,621,544,556,847,877,504,816,995
1,886,605,577,753,802,365,162,668,599,299,324,503,468,335,719,770,695,452,431,483,344,111,77,335,93,97,74,170,552,283,490,728,533,335,295,435,373,188,85,517,278,222,132,452,461,269,546,696,708,605,422,621,542,203,110,533,627,544,553,847,876,502,816,996
1,878,603,575,754,795,365,159,669,596,298,324,496,464,333,711,764,696,448,428,476,342,112,77,337,92,97,73,169,553,280,485,728,533,334,293,427,370,188,85,510,280,220,134,449,455,265,539,693,703,603,418,615,541,204,110,530,619,538,550,839,867,507,811,992
1,886,600,576,756,798,364,162,668,596,298,324,502,474,333,720,768,692,452,427,482,342,111,77,336,94,96,73,171,551,283,486,730,532,334,293,434,371,189,84,515,280,221,132,447,462,268,544,692,706,605,424,623,544,204,111,531,622,544,550,845,872,506,811,993
1,887,607,578,760,802,368,162,671,599,301,325,503,473,336,722,772,698,453,431,484,347,111,78,337,94,96,74,172,556,284,489,734,534,335,294,436,372,189,85,518,281,222,133,452,464,270,547,697,713,608,425,623,545,206,111,537,625,545,556,851,876,509,818,1003
1,887,602,576,756,799,366,160,669,596,297,322,500,471,332,720,768,691,453,423,480,340,112,76,336,92,97,74,169,555,282,486,723,532,334,294,433,371,187,84,515,279,220,132,446,460,267,542,688,711,604,422,621,538,201,112,527,625,543,548,841,872,498,809,995
1,887,607,578,760,802,368,162,671,599,301,325,503,473,336,722,772,698,453,431,484,347,111,78,337,94,96,74,172,556,284,489,734,534,335,294,436,372,189,85,518,281,222,133,452,464,270,547,697,713,608,425,623,545,206,111,537,625,545,556,851,876,509,818,1003
1,886,607,578,759,803,368,162,670,600,301,325,502,471,335,722,774,699,452,432,485,347,112,77,337,93,97,74,171,557,284,490,732,534,336,295,436,373,188,85,519,282,222,133,452,463,270,547,694,712,608,423,622,545,206,111,537,626,545,556,849,875,510,817,1008
1,888,604,576,761,802,366,162,668,597,298,326,503,473,336,721,774,698,452,432,483,345,113,78,336,95,97,73,170,554,283,488,729,533,335,295,435,373,188,85,515,281,221,132,451,461,270,546,697,710,606,421,625,546,206,110,535,624,545,554,850,875,508,817,1003
1,880,601,574,744,800,363,161,663,588,298,324,500,467,329,710,756,692,452,431,477,336,109,76,333,91,96,75,170,545,279,481,725,529,332,289,429,372,187,85,511,279,221,132,445,459,260,543,686,699,602,419,613,543,196,110,523,622,539,545,832,861,503,805,979
1,887,608,578,759,805,367,162,671,601,301,325,504,470,336,722,771,699,452,435,483,346,111,76,338,92,97,72,173,558,284,490,730,534,336,295,435,373,188,85,518,280,222,134,452,463,270,548,699,712,609,423,622,545,206,111,535,626,544,555,851,875,507,817,1005
1,887,605,577,759,804,366,162,669,599,300,325,503,470,337,720,773,697,452,434,483,346,112,77,336,93,96,73,172,555,282,490,732,532,337,292,435,368,188,85,519,279,220,132,455,464,270,546,698,712,608,424,623,548,206,110,535,624,544,556,848,879,510,814,1008
1,839,577,556,724,771,348,151,636,578,281,308,481,451,311,687,739,668,428,406,454,329,110,71,320,89,93,65,158,522,270,458,683,506,322,279,417,348,181,79,486,261,208,125,428,442,250,520,661,677,582,405,592,509,192,105,494,594,511,524,805,845,470,769,942
1,887,602,575,756,799,368,165,673,596,301,325,504,471,332,721,766,694,454,433,480,344,112,75,336,94,97,73,169,552,281,488,736,531,339,294,433,373,186,83,517,282,219,133,450,464,268,546,698,707,610,424,621,545,203,110,531,624,542,552,852,876,508,815,1000
1,887,601,575,760,800,362,160,667,597,298,326,501,471,336,720,778,696,450,432,483,343,112,76,337,92,96,74,168,551,284,490,728,532,332,292,438,372,188,84,515,280,222,133,452,462,269,545,695,708,606,423,625,545,207,110,534,624,543,554,850,877,507,816,1008
1,887,604,577,759,803,366,162,669,599,300,325,503,470,337,720,773,696,452,434,483,346,112,77,336,93,96,73,172,555,282,490,732,532,337,292,435,368,188,85,519,279,220,132,455,464,270,546,698,712,608,424,623,548,206,110,535,624,544,556,848,879,510,814,1008
1,863,585,564,736,787,354,153,642,578,283,313,489,453,323,703,744,673,440,417,469,335,109,71,321,88,93,68,163,528,275,468,695,518,323,285,420,359,179,78,493,271,215,127,423,444,257,527,668,690,591,397,596,521,197,108,511,607,520,529,821,851,481,777,931
1,853,584,557,740,773,357,152,653,582,284,308,484,463,316,708,754,667,433,406,472,330,110,72,324,90,91,67,158,538,269,465,700,518,323,286,422,356,180,80,483,269,205,127,443,446,258,530,682,696,594,408,611,520,191,103,512,607,519,541,830,863,481,792,983
1,881,601,574,761,796,365,162,670,598,295,326,500,469,335,715,771,697,449,429,478,341,112,77,337,92,97,74,170,555,279,487,728,532,335,294,430,371,186,85,512,281,220,132,449,460,270,543,694,708,607,422,621,544,205,109,531,619,543,550,846,874,507,813,997
1,885,602,577,756,801,366,159,668,598,299,323,504,470,335,720,770,695,451,431,482,345,112,77,336,93,96,73,170,554,282,489,726,531,336,295,432,372,188,85,512,280,221,132,448,462,269,544,696,709,604,421,624,542,205,111,535,622,541,552,850,873,506,813,997
1,886,604,573,757,800,366,163,666,597,299,319,502,467,337,722,763,697,452,431,481,343,113,77,337,95,98,74,171,551,283,487,728,531,337,293,434,373,186,85,514,280,220,133,447,463,269,547,693,706,601,420,617,545,205,113,532,623,541,554,852,865,506,814,991
1,886,605,578,758,801,368,162,668,599,301,325,501,469,336,718,772,698,454,432,481,346,112,77,337,93,97,74,171,556,282,489,732,534,335,293,435,372,188,85,519,281,223,134,451,462,269,547,696,711,605,423,622,544,205,111,536,623,543,555,850,874,508,818,1005
1,846,581,549,720,766,351,155,641,564,283,315,483,444,315,684,730,666,437,407,447,321,110,75,321,90,93,72,162,531,268,467,687,510,316,278,409,356,182,80,491,266,215,129,435,451,250,529,665,676,578,410,597,513,185,107,502,593,518,528,815,834,475,774,941
1,874,596,571,740,792,358,158,661,591,296,318,499,465,331,714,756,677,444,424,480,334,112,76,332,92,95,71,169,547,279,482,712,525,331,292,429,365,187,83,506,275,219,131,438,459,265,538,685,703,597,417,617,536,199,110,521,618,531,542,841,864,492,798,987
1,886,603,576,758,801,365,163,668,598,299,324,504,471,335,722,769,696,452,431,482,345,111,78,336,94,96,74,173,551,283,488,731,533,335,294,435,371,189,85,517,281,222,133,449,462,269,546,699,706,607,424,622,545,206,111,532,623,545,553,850,877,507,815,1003
1,878,600,571,745,792,360,158,663,591,296,321,492,459,331,704,755,693,447,424,471,334,109,77,331,91,96,74,168,546,279,479,720,530,331,288,422,370,188,85,505,277,219,131,442,452,261,536,682,694,594,417,611,539,195,109,524,614,536,542,828,858,500,801,972
1,857,574,560,729,763,347,152,632,573,282,306,476,442,312,688,731,664,430,403,451,324,108,71,319,88,95,66,158,516,277,459,682,515,317,281,409,352,178,78,485,269,206,125,417,435,250,515,654,682,572,393,585,509,190,106,500,592,509,517,805,839,468,758,914
1,879,604,576,757,796,366,162,670,598,300,325,498,471,336,719,767,696,450,428,479,343,111,78,337,94,96,74,172,555,282,488,732,533,334,293,435,371,189,85,516,280,222,134,453,463,267,545,696,708,606,424,622,543,204,111,534,622,543,555,848,872,507,816,995
1,878,597,572,748,790,361,160,664,593,296,321,490,462,328,708,763,691,448,422,473,337,113,76,334,92,96,74,168,547,278,481,717,530,331,292,425,370,187,85,507,278,220,133,439,449,262,532,685,695,598,414,614,537,201,109,519,614,537,541,830,864,499,801,984
1,886,604,577,759,803,366,162,670,599,299,324,503,471,334,722,774,695,454,432,482,344,112,77,337,93,97,74,171,556,283,490,728,533,336,294,436,373,187,85,516,280,221,132,451,463,271,546,696,713,606,422,623,544,206,111,534,626,544,554,851,875,507,816,1001
1,884,602,573,745,798,364,159,667,594,297,320,500,463,332,718,762,689,451,427,480,339,111,76,333,91,95,73,169,546,283,486,721,528,333,291,434,372,187,84,510,275,220,131,449,461,264,544,690,703,602,420,617,538,199,109,526,627,540,550,841,872,493,810,989
1,869,582,563,740,780,353,157,644,584,288,309,487,454,322,704,750,674,443,419,464,333,110,73,326,87,95,71,166,529,279,475,707,520,324,279,422,362,181,83,503,268,216,128,425,446,258,523,670,690,584,406,604,526,199,106,518,604,530,529,821,856,489,783,961
1,858,581,557,733,769,348,155,638,572,283,307,477,449,317,697,739,665,430,408,460,331,110,74,315,89,93,72,165,524,273,466,684,514,322,278,414,352,178,82,488,269,210,128,420,442,254,513,658,688,580,395,594,514,196,108,507,597,512,518,806,846,481,756,917
1,878,603,574,756,793,366,162,669,595,298,325,494,468,333,712,766,696,449,425,476,343,111,78,337,93,96,74,172,553,280,485,729,533,333,292,429,370,189,85,510,280,220,133,449,457,265,540,694,705,605,421,618,541,204,110,531,618,540,550,841,870,507,812,993
1,887,604,577,754,803,365,162,667,597,298,323,501,468,333,717,770,695,453,427,482,342,112,77,336,93,97,74,171,554,281,485,725,532,334,294,431,371,188,85,512,279,218,132,448,460,269,543,692,708,605,421,620,541,203,111,531,621,543,547,844,872,504,810,992
1,883,603,575,759,801,367,162,668,600,298,325,499,470,337,720,770,697,453,430,481,345,112,76,337,93,96,74,169,556,282,487,728,533,336,295,433,372,187,85,514,280,219,132,450,462,268,543,694,707,605,422,623,545,205,109,536,623,545,550,849,869,507,816,996
1,881,598,574,751,792,363,162,667,597,297,322,497,471,331,714,762,689,449,423,477,338,111,78,335,94,96,74,172,550,282,485,720,532,331,292,431,370,189,85,511,279,220,132,443,460,266,542,686,702,604,424,618,538,200,111,525,615,542,545,842,867,496,804,982
1,887,601,577,760,800,363,162,671,597,298,324,502,471,333,721,775,692,454,428,482,342,112,77,336,93,97,74,171,555,283,489,727,532,335,294,436,373,188,85,514,281,221,132,449,463,269,544,694,714,605,422,622,542,205,111,533,625,544,552,848,874,506,815,1003
1,887,602,577,759,801,363,162,672,597,299,325,501,470,330,719,775,692,454,429,481,342,112,77,336,93,97,74,171,556,281,490,729,532,336,294,433,373,188,85,516,281,221,132,450,463,268,545,696,714,606,423,621,539,205,111,532,623,545,553,850,875,508,816,1002
1,887,605,577,759,803,366,162,670,599,298,325,504,470,337,719,773,698,453,431,483,346,112,76,336,93,97,73,170,555,284,487,729,533,336,295,435,372,188,84,515,281,221,132,450,464,268,546,695,710,606,423,622,545,206,111,535,624,543,554,848,873,508,816,1006
1,881,602,575,753,796,365,162,667,596,297,323,498,468,332,711,766,694,450,427,476,341,111,78,336,93,96,74,171,552,280,485,723,532,334,292,428,369,189,85,509,279,220,132,447,457,266,540,693,704,603,421,620,540,202,110,528,617,539,548,840,871,503,809,987
1,887,605,577,759,804,366,162,669,599,298,325,503,470,337,720,773,697,452,433,483,346,112,77,336,93,96,73,172,555,282,489,730,532,337,292,435,368,188,85,516,279,219,131,454,464,270,545,697,712,607,423,623,548,206,110,535,624,544,554,847,877,510,813,1006
1,887,605,577,759,803,367,162,669,598,298,325,504,471,336,721,772,698,453,431,483,346,111,78,337,94,96,74,172,553,283,488,730,533,336,294,435,372,189,85,514,281,221,132,451,464,269,546,698,710,606,423,623,545,206,111,534,624,545,554,850,875,508,817,1002
1,877,600,574,749,792,363,158,667,597,297,318,499,467,331,713,761,689,447,424,478,337,110,76,335,90,96,72,168,552,279,483,716,530,334,292,427,370,187,83,507,277,219,132,441,456,265,539,687,702,599,422,616,539,200,109,522,617,535,546,839,866,495,804,984
1,881,601,575,754,795,362,160,666,594,298,322,495,468,332,711,765,692,447,424,478,336,110,77,336,91,97,73,170,553,278,486,722,530,335,290,426,371,187,84,511,278,219,132,449,457,265,542,691,708,600,420,616,539,201,110,527,618,539,550,840,866,503,808,989
1,885,605,577,758,802,367,162,672,599,299,325,503,471,335,721,771,697,454,432,483,346,112,77,337,93,96,73,171,556,284,488,731,532,337,295,435,372,188,84,516,281,221,132,451,461,270,546,697,711,606,422,622,547,206,110,534,625,544,555,849,874,508,817,1004
1,875,588,569,743,786,354,161,653,586,292,315,487,461,325,703,757,680,446,414,472,333,110,75,327,92,95,71,171,534,279,477,705,523,329,285,425,363,186,84,506,273,219,132,428,446,260,531,669,697,591,410,602,529,197,109,513,610,532,532,822,859,486,787,961
1,887,602,577,756,802,365,161,668,597,300,324,502,470,335,720,770,695,454,430,482,343,112,77,335,93,97,74,170,553,283,491,727,532,335,294,435,373,188,85,519,280,222,133,452,463,269,547,695,709,605,422,621,543,203,111,532,625,545,556,849,872,505,815,999
1,887,605,577,760,803,366,161,670,599,301,323,504,470,336,720,774,698,452,432,483,344,110,77,337,92,97,75,171,557,284,490,730,532,336,295,435,373,187,85,518,281,221,133,452,463,271,547,698,712,607,423,622,545,206,112,536,625,544,556,852,875,508,819,1004
1,884,601,574,751,796,365,160,667,595,297,323,496,471,330,708,768,690,448,426,479,337,112,75,337,89,95,72,170,553,279,483,722,528,333,291,427,370,187,83,510,279,219,132,446,459,261,541,688,709,605,421,621,541,198,108,523,614,539,548,838,872,500,807,995
1,883,602,577,756,799,363,160,670,599,298,324,499,468,329,713,772,692,451,427,477,340,112,77,335,92,97,74,169,555,280,487,723,533,334,293,429,371,188,85,513,280,220,132,449,458,268,542,691,709,604,423,619,537,202,110,528,617,542,550,841,875,502,809,990
1,877,604,575,755,793,365,159,670,596,298,323,495,465,331,709,767,695,447,426,475,341,110,77,337,91,97,75,169,556,280,484,727,532,334,293,427,370,186,85,509,281,219,132,447,455,266,539,691,707,601,418,615,539,205,111,531,618,536,548,840,865,509,811,993
1,873,594,570,745,789,356,158,663,588,296,318,490,460,328,706,756,684,445,420,471,330,109,74,331,90,96,73,166,543,275,479,712,528,329,288,423,365,188,84,505,274,216,131,441,455,258,533,684,697,596,415,610,536,194,109,515,615,534,537,831,859,494,799,980
1,877,604,575,755,793,365,159,670,596,298,323,495,465,331,711,767,695,447,426,476,341,110,77,337,91,97,75,169,556,280,484,727,532,334,293,427,370,186,85,509,281,219,132,448,455,267,538,692,707,601,418,616,540,205,111,531,618,536,549,840,866,509,811,993
1,877,604,575,755,793,365,159,670,596,297,323,496,465,331,710,767,695,447,426,476,341,110,77,337,91,96,75,169,556,280,484,727,532,334,293,426,370,186,84,509,280,219,132,449,455,267,539,692,707,601,418,616,540,205,111,531,618,537,550,840,866,509,811,993
1,877,603,576,754,794,363,159,671,596,297,323,496,464,334,710,766,694,447,426,476,339,110,77,337,91,97,75,169,557,281,484,726,532,334,292,428,370,186,85,509,280,219,133,450,455,266,538,695,707,603,418,616,540,205,111,531,619,537,551,840,868,506,813,994
1,886,607,578,760,802,367,161,671,599,300,324,502,469,334,718,773,699,452,431,483,345,110,77,337,91,97,75,171,559,283,489,730,533,336,294,431,373,187,85,516,281,221,133,453,461,271,547,698,713,606,423,620,545,206,111,537,623,543,556,851,874,509,818,1005
1,848,568,555,705,759,337,150,628,565,278,307,464,442,301,669,720,659,423,397,444,314,105,68,318,83,93,65,160,521,264,459,674,502,315,269,405,346,178,78,484,254,209,124,418,427,246,508,648,668,569,392,580,504,184,105,488,589,505,509,785,819,469,756,912
1,834,575,549,728,760,349,151,647,569,277,299,476,460,305,686,741,659,429,392,456,324,107,68,319,87,87,66,155,528,263,451,701,510,314,275,412,338,177,78,475,265,202,124,425,433,249,513,671,686,586,404,595,513,188,99,501,593,501,527,809,848,484,780,964
1,887,607,576,761,802,368,162,670,601,301,326,501,474,336,722,771,698,453,431,484,347,111,78,337,94,96,74,172,556,283,489,734,533,335,295,436,372,189,85,518,280,222,133,453,463,270,547,697,713,607,427,623,545,206,111,537,624,545,555,851,877,509,816,1003
1,886,610,578,757,804,369,161,676,595,299,327,506,471,333,723,769,699,454,433,484,347,112,76,337,91,97,75,170,556,281,490,739,531,337,294,434,373,187,85,519,284,222,133,453,464,270,547,696,714,609,422,621,546,205,111,534,627,546,557,848,874,512,817,1001
1,878,602,575,755,792,364,160,669,596,300,324,496,469,334,712,764,695,448,427,476,342,111,78,336,93,96,74,170,552,281,485,730,533,332,292,432,370,189,85,512,280,222,133,450,456,265,541,695,704,603,422,617,542,204,110,532,619,538,554,842,870,507,813,996
1,883,605,577,756,796,367,161,670,597,297,323,501,469,333,714,767,697,450,427,479,344,111,78,337,93,96,74,171,554,281,484,730,533,334,292,430,369,189,85,510,280,219,132,448,459,267,542,697,708,605,421,620,543,204,110,532,620,539,551,846,872,508,814,998
1,887,606,577,758,805,367,162,668,599,301,325,503,468,336,721,773,699,452,433,483,345,111,77,338,93,97,74,171,556,282,489,732,533,336,295,435,372,188,85,518,281,220,133,453,462,270,547,699,709,608,423,622,545,206,111,535,625,545,555,851,877,509,818,1004
1,898,606,568,749,797,361,161,666,593,300,324,494,459,341,712,755,698,448,429,474,341,112,77,333,93,96,74,170,548,284,486,732,530,332,291,430,370,188,84,516,279,222,133,446,461,258,546,691,696,598,425,614,541,202,111,535,618,540,549,845,866,506,807,979
1,887,609,578,758,803,368,162,672,600,298,326,505,469,336,721,771,700,453,433,483,346,112,78,337,92,96,76,171,556,284,488,733,533,336,295,435,374,187,85,517,281,222,134,455,463,269,548,698,712,607,423,621,546,207,110,535,626,547,555,847,875,509,819,1003
1,888,605,577,760,804,367,161,668,599,301,324,501,469,336,723,772,699,453,432,483,346,111,76,337,92,97,73,171,553,281,490,730,534,335,294,436,373,187,85,518,281,221,133,451,461,269,544,698,709,607,422,621,545,206,111,532,626,544,555,849,876,507,817,1001
1,887,606,577,756,802,367,162,669,599,299,325,503,468,336,721,772,697,452,432,484,346,111,77,336,93,97,74,170,552,283,490,732,533,336,295,437,373,188,85,517,280,222,132,452,462,269,546,698,709,606,422,621,544,205,110,535,628,544,554,850,877,506,819,1005
1,884,605,575,752,800,365,161,667,598,296,325,498,466,333,713,766,696,451,428,481,343,111,77,336,92,97,74,169,549,279,488,727,533,336,293,428,372,188,85,510,279,220,131,449,457,267,542,694,705,600,421,616,542,204,109,531,621,542,548,843,872,504,812,989
1,887,604,577,760,804,367,161,670,599,299,325,503,470,336,721,773,698,454,432,484,347,112,77,336,93,96,74,171,555,283,489,729,533,337,295,434,373,188,85,514,281,221,132,451,463,270,544,697,710,606,422,622,545,206,111,536,625,544,554,849,873,509,817,1001
1,885,603,573,756,801,365,161,669,595,297,322,502,471,335,719,767,693,453,428,480,341,112,75,336,92,96,73,169,554,283,488,723,530,333,294,433,373,188,83,512,277,221,131,448,461,267,547,692,709,606,421,622,540,201,111,531,625,542,550,848,872,499,810,994
1,878,599,574,749,792,363,159,667,594,297,322,494,464,331,709,761,691,448,424,475,337,112,76,338,91,97,74,168,549,279,485,725,531,334,292,425,370,188,85,509,279,219,132,447,452,264,538,689,700,599,417,615,539,201,110,525,617,539,548,834,866,502,806,982
1,886,605,576,759,804,365,162,671,598,301,325,503,471,337,722,771,697,456,433,481,346,112,77,335,92,97,74,171,555,282,491,732,532,335,296,436,373,188,84,519,282,221,133,453,463,270,548,697,711,606,422,625,544,206,111,535,626,545,556,851,876,507,817,1006
1,887,605,577,757,804,366,161,670,599,301,325,504,470,337,721,768,697,455,434,482,345,112,78,337,92,97,74,172,556,284,487,730,533,336,295,434,373,189,85,515,281,221,132,451,463,270,546,698,709,604,423,623,547,206,111,535,625,543,554,850,871,508,817,998
1,876,595,575,749,797,358,161,664,594,294,322,497,470,331,717,759,686,448,424,480,337,112,74,333,93,95,71,170,547,284,484,717,526,335,293,432,365,185,83,511,278,220,132,442,454,266,541,690,705,600,416,617,540,203,111,525,620,535,546,842,867,496,802,988
1,884,604,577,757,802,365,162,671,599,299,323,503,472,332,717,771,696,452,432,482,345,111,77,336,93,96,74,171,555,283,488,724,531,337,294,434,373,188,84,513,281,220,132,449,461,270,546,694,711,606,421,619,543,206,111,529,623,543,552,848,871,505,814,998
1,897,609,572,759,802,369,162,670,595,297,323,506,470,338,724,765,700,452,430,482,347,112,76,335,95,96,75,171,556,284,492,730,529,336,292,437,371,184,85,517,279,220,132,452,465,270,546,700,712,605,427,619,543,205,114,541,625,544,553,853,872,511,813,1004
1,884,606,577,758,799,368,162,668,599,297,324,502,471,334,715,773,697,453,429,480,346,112,77,337,92,96,73,171,554,281,489,726,534,334,293,431,373,188,85,511,280,221,132,449,460,268,545,697,710,604,422,625,542,205,108,534,621,544,553,847,876,506,815,1000
1,886,607,577,760,799,368,162,671,599,301,325,503,473,337,722,771,698,451,431,483,345,111,78,337,94,96,74,172,555,284,489,734,533,335,294,437,371,189,85,517,282,222,133,452,464,270,547,697,712,606,425,623,547,204,111,537,624,544,556,851,876,508,818,1004
1,878,603,575,754,794,364,160,670,596,298,324,495,464,334,711,763,696,448,427,476,342,111,77,336,92,97,74,169,553,281,483,729,533,334,293,427,370,187,85,510,280,219,133,449,454,266,539,692,703,602,418,615,541,205,110,531,619,538,549,838,867,506,811,992
1,887,607,578,759,802,368,162,671,599,301,325,503,470,336,722,772,698,453,431,483,347,111,77,336,93,96,74,171,556,284,489,733,534,335,294,435,372,188,85,518,281,222,134,453,463,270,548,697,712,608,423,622,545,206,111,537,625,545,556,851,875,509,818,1003
1,884,603,578,758,802,364,162,666,600,299,324,502,470,332,721,775,695,450,430,484,344,111,75,336,93,96,72,171,555,284,487,731,533,336,295,435,370,187,85,519,282,221,133,449,460,270,546,692,710,606,422,621,543,205,110,535,624,545,555,846,874,507,815,1007
1,886,605,578,758,800,369,163,671,599,301,326,505,472,334,722,769,698,453,433,481,346,112,76,336,94,98,75,169,556,282,488,735,533,337,295,435,373,186,86,521,282,221,133,454,465,270,545,697,710,608,425,623,546,204,111,533,624,546,555,849,874,508,819,1003
1,887,609,578,758,803,371,163,672,600,300,326,505,470,332,722,770,698,455,435,482,350,112,76,338,94,98,75,170,553,284,489,735,534,337,295,433,373,189,86,520,281,222,133,453,465,266,546,699,713,608,423,621,544,205,112,531,624,548,555,848,877,510,817,1006
1,882,604,575,749,794,365,162,667,597,298,324,499,462,330,706,763,695,447,430,473,340,111,76,336,92,98,75,170,552,279,485,727,533,334,293,424,372,187,86,514,278,223,132,448,457,265,541,690,702,604,420,615,539,200,110,527,618,541,547,835,870,502,809,991
1,882,609,572,760,793,371,162,673,598,299,323,499,466,335,715,764,698,450,430,475,347,115,76,339,94,98,76,168,554,282,488,738,535,336,293,430,371,187,86,516,281,221,135,452,462,264,545,696,709,604,424,615,542,204,112,534,621,541,555,848,871,511,816,998
1,888,610,577,759,802,370,162,675,597,299,326,506,471,334,723,769,698,453,435,482,347,111,76,338,92,97,75,170,559,282,488,736,536,334,293,434,374,187,85,519,282,223,133,452,464,267,545,700,712,612,423,622,545,205,111,533,626,546,556,848,875,511,819,1005
1,879,590,558,732,790,352,158,659,584,292,319,495,448,331,703,736,680,448,424,469,330,108,74,324,90,94,74,167,543,279,482,714,519,332,288,421,367,179,83,508,275,219,130,442,458,264,541,675,686,591,420,595,534,197,110,526,611,532,541,837,840,493,793,964
1,885,601,575,753,798,361,161,663,595,300,324,499,467,333,717,767,694,450,428,477,338,109,77,333,92,96,74,171,549,284,487,725,530,334,293,432,370,188,85,516,279,220,132,449,459,266,545,687,704,597,422,621,543,200,110,534,623,543,549,840,869,504,807,990
1,887,609,578,758,803,371,163,671,600,299,326,504,470,334,722,772,699,452,434,483,348,112,76,338,93,98,75,170,556,282,488,736,534,337,295,434,373,187,86,520,281,223,133,452,465,268,545,696,712,610,422,623,544,205,111,533,626,546,555,848,876,509,819,1009
1,877,596,569,746,790,357,159,661,590,297,320,491,459,329,701,760,689,448,422,469,333,109,77,332,91,96,74,169,544,278,479,716,529,330,289,423,370,188,85,504,276,219,131,440,451,260,534,682,693,592,418,611,535,198,109,521,613,535,540,827,861,497,801,972
1,886,605,578,758,800,369,163,671,599,301,326,505,472,334,721,769,698,453,433,481,346,112,76,336,94,98,75,169,556,282,489,735,533,337,295,434,373,186,86,521,281,221,133,454,465,270,545,697,710,608,425,623,546,204,111,534,624,546,555,849,874,509,818,1001
1,886,605,578,758,800,369,162,671,599,301,326,505,472,334,721,769,698,453,433,481,346,112,76,336,94,97,75,169,557,282,489,735,533,337,295,434,373,186,86,520,281,221,133,454,465,271,545,696,710,608,425,623,546,204,111,535,624,546,555,849,873,509,818,1000
1,878,597,570,752,795,362,161,666,592,292,320,496,468,329,716,766,688,452,424,478,341,112,74,330,90,95,73,169,546,282,479,723,526,332,292,433,370,183,84,508,278,220,132,439,454,263,537,684,704,602,415,617,538,200,108,526,622,538,545,834,870,498,805,995
1,879,599,574,753,794,363,158,666,597,298,323,499,468,332,713,763,693,447,427,477,341,112,77,336,92,96,73,169,550,279,487,724,531,336,294,426,370,188,85,508,280,220,132,446,457,267,541,692,703,599,421,619,539,204,110,531,617,537,549,843,867,504,808,987
1,886,607,578,760,803,368,162,670,600,301,325,503,471,334,721,776,699,452,432,485,347,112,77,337,93,96,74,171,557,284,489,733,534,336,295,434,373,188,85,519,281,222,133,452,463,270,547,695,712,608,424,623,545,206,110,537,625,546,556,849,876,510,818,1009
1,884,602,574,759,800,365,161,668,597,300,323,503,473,335,722,771,694,452,430,483,344,111,77,336,93,95,73,171,552,283,487,731,531,333,294,436,371,189,84,517,280,222,133,448,463,268,545,694,707,607,425,623,545,205,110,532,623,544,553,848,876,506,814,1001
1,887,605,577,757,804,366,162,669,599,298,324,503,470,336,719,773,698,453,430,484,345,113,78,336,94,96,75,171,555,284,489,728,533,337,295,435,372,189,85,515,281,221,133,451,463,270,546,695,709,605,422,622,545,205,111,536,624,546,554,849,871,507,818,1005
1,912,614,578,764,806,369,163,676,602,300,326,507,471,341,725,772,702,455,432,485,349,114,76,338,95,97,75,171,560,288,494,737,536,338,296,438,372,188,85,520,282,222,134,454,467,271,553,701,719,607,429,622,547,206,114,545,629,546,557,860,878,512,820,1010
1,887,607,578,760,804,367,162,672,600,301,325,503,470,333,722,775,696,454,432,483,346,112,77,337,93,97,74,171,558,284,491,732,534,336,295,435,373,188,85,519,281,222,134,453,463,270,548,697,715,608,424,622,542,206,111,537,626,545,556,851,878,509,817,1004
1,888,603,576,762,801,367,161,667,598,302,325,502,473,333,723,778,697,451,432,482,346,112,77,337,93,96,74,170,553,283,490,731,533,336,293,437,373,188,85,519,282,221,133,452,463,270,547,696,711,606,426,626,542,206,110,534,625,546,555,852,881,506,818,1006
1,886,609,578,758,805,368,162,672,599,300,325,504,470,336,722,769,699,454,432,484,346,110,77,338,93,97,73,171,557,284,491,733,534,336,295,434,373,188,85,519,281,222,133,452,463,269,547,697,712,608,423,621,545,206,110,536,626,546,557,849,874,508,817,1012
1,886,605,578,758,800,369,163,671,599,301,326,505,472,334,722,769,698,453,433,481,346,112,76,336,94,98,75,169,556,282,489,735,533,337,295,435,373,186,86,521,282,221,133,454,465,270,545,696,710,608,425,623,546,204,111,534,624,546,555,849,873,509,818,1000
1,887,606,577,758,803,368,161,670,600,300,324,503,470,336,721,772,698,453,432,484,346,112,76,339,92,97,74,170,554,283,491,734,533,337,295,434,373,188,85,518,281,221,133,452,461,270,547,697,710,606,423,623,545,206,111,535,625,546,556,850,878,508,817,1003
1,887,605,577,759,802,367,163,669,597,301,324,504,471,336,721,770,698,453,432,482,346,111,78,337,94,96,75,173,553,283,489,732,533,336,293,435,372,189,86,517,281,222,133,452,463,269,548,701,710,607,424,622,545,206,111,534,624,545,556,852,877,508,818,1004
1,879,603,576,754,797,365,160,669,597,298,325,495,466,333,710,765,696,451,427,476,343,112,77,336,91,97,74,170,552,280,487,729,532,335,293,428,372,188,85,512,280,220,134,452,456,266,542,695,705,603,420,616,540,204,110,531,620,540,552,843,868,508,813,995
1,877,602,575,755,793,365,160,668,596,298,324,495,465,331,710,768,696,447,426,477,342,112,77,337,92,96,74,169,553,280,484,728,533,334,293,426,370,188,85,510,280,220,134,450,455,265,540,692,703,603,419,616,541,204,109,530,618,539,551,839,868,508,812,998
1,878,603,575,754,793,365,159,670,596,297,324,495,464,333,711,763,695,449,426,475,342,112,77,336,92,97,74,168,552,280,486,728,533,333,293,426,370,188,85,510,280,220,133,450,455,264,538,694,703,602,418,615,540,203,110,530,618,538,550,839,867,507,810,992
1,886,606,578,759,801,368,162,670,600,299,325,504,471,333,720,774,699,452,430,484,347,112,77,337,92,97,74,170,558,282,488,729,534,336,295,433,373,188,84,515,282,220,133,452,463,270,546,695,711,607,425,622,544,206,110,535,624,544,554,848,873,510,817,1007
1,912,613,577,764,806,371,160,675,601,301,328,505,472,340,726,773,702,454,432,486,351,116,77,338,95,97,74,169,558,285,492,739,534,336,298,438,373,188,84,519,284,222,132,452,466,268,550,701,719,609,428,623,545,207,113,542,626,544,556,859,882,514,817,1008
1,887,606,578,760,804,366,162,672,600,301,325,503,470,332,723,776,695,454,432,483,346,112,77,336,93,97,74,171,558,284,491,731,534,336,295,436,373,188,85,519,282,222,133,452,463,270,547,697,715,608,424,622,541,206,111,537,626,545,556,851,879,509,817,1005
1,887,607,578,759,803,368,163,670,599,300,325,504,471,337,723,769,699,454,432,483,347,111,78,337,94,96,74,173,556,284,489,732,534,336,294,436,372,189,85,518,282,222,133,452,463,269,548,700,711,607,424,622,546,206,111,536,625,546,556,851,875,509,818,1005
1,874,596,569,753,792,358,158,660,592,289,314,494,466,326,711,766,689,446,417,475,340,109,70,332,85,94,70,165,546,281,479,718,527,329,288,427,361,184,80,504,276,215,128,439,453,261,537,683,702,597,415,614,535,200,106,528,617,532,546,835,862,499,804,986
1,839,553,544,718,742,344,144,610,558,272,299,472,437,309,679,726,650,409,393,448,318,107,68,312,83,90,65,149,509,262,445,681,504,312,276,402,346,167,74,474,264,201,121,414,424,244,508,647,658,568,390,580,494,190,101,501,586,497,515,790,826,469,756,909
1,887,606,578,756,802,368,161,668,599,301,324,502,470,335,721,770,697,451,431,484,346,114,78,336,92,96,74,170,556,281,489,732,534,335,295,434,372,189,84,517,281,222,133,450,462,269,545,696,710,607,422,622,543,204,109,537,626,543,554,850,874,507,818,993
1,888,601,573,753,798,363,163,666,592,299,321,497,468,334,718,766,693,452,426,481,341,111,77,335,91,97,74,172,552,281,485,725,530,333,290,430,372,188,85,515,277,219,130,447,458,268,545,690,706,603,420,618,543,203,109,528,621,545,547,842,869,503,807,986
1,823,560,543,699,732,330,147,608,552,271,297,457,425,298,658,704,646,404,392,432,317,105,63,307,83,89,65,150,508,263,441,652,495,306,273,397,336,171,75,468,259,206,119,397,411,240,493,636,660,552,370,562,486,186,103,483,577,484,498,770,799,456,740,876
1,885,606,577,757,801,367,163,671,598,299,327,506,472,333,721,770,698,450,434,483,347,111,75,336,94,98,75,170,553,284,489,734,532,336,295,435,373,188,87,521,282,222,133,454,465,266,546,700,710,610,424,621,544,204,112,532,623,550,555,847,876,509,819,1006
1,871,598,571,742,794,363,161,657,592,294,319,498,459,327,708,753,688,450,428,474,340,110,71,333,91,95,71,164,540,282,478,716,526,332,292,423,366,187,81,503,275,216,131,441,458,261,537,689,697,596,414,606,540,196,108,522,616,531,540,838,858,498,803,973
1,887,604,577,760,804,366,160,670,599,301,325,503,470,336,723,774,698,454,433,484,347,112,77,335,92,96,74,171,554,283,490,731,533,335,295,437,373,188,85,517,282,222,133,452,463,270,545,698,710,607,423,622,545,206,111,536,626,544,556,850,876,509,818,1004
1,912,611,574,762,803,365,163,672,597,301,324,503,467,340,721,771,701,453,432,481,345,113,77,336,94,97,75,171,556,286,490,736,534,335,293,434,373,188,85,519,280,222,133,449,463,267,552,697,712,604,426,622,546,205,112,541,625,545,552,856,879,510,815,1000
1,887,607,578,760,804,367,162,672,600,301,324,503,470,335,723,774,697,454,433,483,345,112,77,337,93,97,74,171,558,285,491,731,534,336,294,436,373,187,85,519,280,222,133,452,463,271,547,697,714,608,423,623,545,206,111,537,627,544,556,852,877,508,817,1002
1,839,555,546,708,731,338,145,615,553,270,298,465,433,299,672,714,646,408,392,435,318,107,65,310,82,88,68,152,503,264,440,668,501,311,269,401,340,169,78,465,260,205,123,406,421,236,501,634,661,555,381,570,491,186,100,481,586,488,505,772,812,459,737,895
1,876,598,572,747,793,362,160,663,593,296,320,496,462,329,711,761,690,449,422,475,335,112,75,335,91,96,73,168,546,279,482,714,530,331,291,426,369,188,84,506,277,217,132,443,456,264,539,687,695,600,421,615,539,197,109,520,616,537,543,838,867,494,802,983
1,887,605,576,759,803,367,162,670,599,299,326,504,470,336,720,772,697,454,434,482,346,112,77,336,93,97,74,171,554,283,491,731,533,336,295,435,372,188,85,517,281,223,133,451,461,270,546,700,710,607,423,622,546,205,111,536,625,543,555,851,878,509,816,1008
1,861,586,567,730,784,348,160,647,585,289,310,489,458,326,698,747,671,437,414,473,330,110,72,326,92,94,69,167,532,278,472,702,519,330,284,423,355,184,81,499,270,214,129,423,442,259,527,668,692,584,408,599,527,198,109,514,608,522,526,818,852,483,780,960
1,825,545,538,697,734,329,143,602,544,272,293,454,421,300,659,703,642,410,388,435,306,104,66,305,81,89,65,150,487,262,436,655,494,307,264,393,338,169,76,459,253,199,122,397,413,237,496,628,642,549,375,557,498,180,100,473,578,481,490,772,803,453,731,866
1,880,603,575,756,796,364,161,670,598,299,325,498,467,331,713,768,694,450,428,477,341,112,77,337,92,97,74,170,556,280,489,729,534,335,293,429,372,188,85,514,280,221,133,452,457,268,545,696,708,603,424,617,540,204,110,532,620,542,554,845,872,507,813,995
1,883,603,576,751,798,367,162,670,596,301,324,503,471,331,720,763,691,453,430,480,340,112,75,334,93,97,74,168,554,282,488,728,529,335,294,433,373,186,85,520,279,221,133,453,464,266,545,692,709,606,424,621,543,198,110,528,622,545,554,843,871,501,812,991
1,886,605,578,758,800,369,163,671,599,301,326,505,472,334,722,769,698,453,433,481,346,112,75,336,94,98,74,168,556,282,488,735,533,337,295,435,373,186,85,521,282,221,133,453,465,269,545,697,710,608,425,623,546,204,111,533,624,545,555,849,874,509,818,1001
1,885,603,576,759,801,365,163,669,599,298,324,503,471,335,720,771,696,452,431,483,345,112,76,336,94,97,73,170,552,282,488,730,534,335,295,435,372,188,84,516,280,222,133,446,460,269,542,694,706,607,422,620,546,206,111,531,625,543,551,845,874,508,813,1001
1,883,608,575,758,795,368,161,672,601,301,324,496,464,337,715,767,698,449,429,477,345,115,76,338,93,97,75,170,555,283,489,734,535,335,295,431,371,187,86,515,280,222,134,451,460,266,545,696,708,603,423,616,543,204,112,537,622,539,554,849,873,510,815,1000
1,886,604,576,759,801,366,163,669,599,301,324,503,471,335,720,772,697,453,433,483,346,112,77,336,94,97,74,171,553,282,489,732,534,336,295,435,373,188,85,519,281,223,134,448,460,270,544,696,707,607,423,621,546,206,111,532,625,544,554,848,876,508,816,1004
1,886,605,577,760,802,366,163,669,599,301,325,503,471,336,721,773,698,453,433,483,346,112,77,336,94,97,74,171,554,282,489,733,534,336,295,437,373,188,85,519,282,223,134,451,461,270,545,697,710,607,423,621,546,206,111,534,626,544,556,848,876,509,818,1004
1,886,605,576,759,802,367,163,668,599,298,324,503,469,335,719,774,698,453,432,481,346,112,77,337,93,96,74,171,553,282,488,730,532,337,295,434,372,188,85,513,281,220,132,451,463,269,545,697,710,604,421,623,545,206,109,534,624,544,554,850,874,508,819,999
1,887,603,573,753,801,363,160,661,596,300,323,500,469,332,717,772,694,451,429,479,340,110,77,335,92,95,74,170,549,282,486,723,531,333,292,434,373,188,85,512,278,219,131,448,461,267,545,688,703,598,425,624,540,201,109,530,623,544,547,843,872,500,810,985
1,886,603,575,755,803,363,162,664,599,296,322,503,472,335,721,766,694,451,428,484,345,112,75,334,93,97,72,170,549,283,484,725,532,335,294,436,368,187,84,513,281,221,131,443,460,268,543,691,705,602,423,621,543,206,111,531,623,539,550,846,872,504,809,987
1,836,548,540,703,736,333,143,604,554,268,293,462,430,304,668,711,646,411,389,441,311,105,66,303,83,88,63,149,490,266,437,663,497,309,269,400,340,168,74,464,262,202,120,397,421,237,499,629,649,550,381,569,500,181,100,485,575,487,501,777,804,460,739,890
1,887,605,577,759,804,367,162,669,599,298,325,502,470,337,719,773,697,452,432,483,346,112,77,337,93,96,73,172,555,281,489,730,532,337,292,434,367,188,85,516,279,218,131,452,463,270,543,695,712,607,423,622,547,206,110,534,623,544,551,845,877,510,811,1005
1,887,602,576,761,800,365,162,668,600,297,322,503,472,338,721,773,697,454,427,480,343,111,78,336,93,97,75,173,557,282,487,722,531,334,296,436,373,187,86,513,279,222,132,448,463,270,543,696,711,604,423,626,543,206,112,531,624,543,552,848,873,503,815,999
1,888,609,578,757,802,369,161,675,598,301,325,506,470,334,723,768,697,452,437,483,347,114,76,338,92,98,74,169,558,282,491,736,533,336,294,434,375,188,85,521,281,222,135,454,464,268,549,697,714,610,421,621,545,205,111,533,626,548,557,849,874,510,817,1002
1,886,603,575,749,799,364,161,664,595,297,323,500,467,333,713,764,694,451,428,481,341,109,77,334,91,96,74,170,548,281,486,722,531,333,293,429,373,188,85,510,277,220,130,449,458,267,544,692,703,600,420,617,541,201,108,529,623,542,547,841,868,500,810,987
1,882,607,575,756,792,368,161,673,601,298,324,498,463,337,713,764,698,449,427,476,345,115,77,337,94,97,75,169,554,283,490,735,535,335,295,431,370,187,85,516,280,222,134,451,460,265,546,697,707,602,423,615,543,204,112,537,622,539,554,849,871,512,814,998
1,887,608,578,759,805,368,162,671,600,301,325,504,469,336,719,773,699,454,434,483,347,112,77,337,93,98,74,171,557,283,490,733,534,336,295,434,374,188,86,518,281,222,133,451,463,270,547,697,712,608,423,621,544,206,111,537,625,545,554,851,876,509,818,1005
1,865,583,565,740,780,351,155,650,585,287,307,482,459,320,701,760,679,440,410,472,334,108,67,327,85,93,67,160,536,277,473,708,521,327,280,423,356,183,80,500,272,213,128,423,438,256,527,665,688,587,406,603,531,195,104,519,608,525,534,822,853,494,786,964
1,871,591,568,740,790,355,159,654,585,292,314,494,461,322,708,745,676,444,425,472,337,111,71,327,89,95,70,166,534,279,477,707,522,329,287,425,361,185,81,503,275,214,129,436,452,260,534,679,701,595,405,599,529,197,108,513,612,528,540,829,855,485,789,956
1,887,604,576,761,803,367,161,670,599,300,325,503,471,337,722,772,698,454,433,484,348,112,77,336,93,97,74,171,554,282,490,731,533,336,295,435,373,188,86,517,281,222,133,452,463,270,545,698,710,607,423,622,545,207,111,534,625,545,556,850,875,508,818,1003
1,886,605,576,759,804,365,162,671,598,301,325,503,471,337,721,771,697,456,433,481,346,112,77,335,92,97,74,171,555,282,491,732,532,335,296,435,373,188,84,519,281,221,133,453,463,270,548,697,711,606,422,625,544,206,111,535,626,545,556,851,876,507,817,1006
1,886,603,577,762,800,367,162,669,599,298,324,503,471,335,719,771,698,452,431,481,343,112,79,339,94,100,74,171,556,281,488,730,534,336,294,432,375,189,85,514,279,221,132,451,461,272,547,696,710,606,422,621,545,206,113,533,623,544,553,851,871,509,817,1002
1,888,607,576,758,801,368,162,673,596,300,326,504,473,334,722,766,695,453,434,479,345,113,76,339,92,97,75,171,555,281,490,740,533,337,294,435,371,189,85,520,283,222,135,453,464,269,547,697,713,607,422,623,544,204,112,534,627,546,556,849,874,510,819,998
1,888,605,575,759,803,367,161,667,597,302,325,502,472,332,721,776,696,451,433,482,345,112,77,337,93,96,74,170,553,283,490,732,533,336,292,435,373,188,85,519,281,221,133,452,462,270,547,695,710,606,426,625,541,205,110,535,624,546,554,850,881,506,816,997
1,887,607,578,760,802,368,162,671,599,301,325,503,473,336,722,772,698,453,431,484,346,111,78,337,94,96,74,172,556,284,489,734,534,335,294,436,372,189,85,518,281,222,133,452,464,270,547,697,713,608,425,623,546,205,111,537,625,545,556,851,876,509,818,1004
1,878,599,577,752,799,361,162,664,596,296,321,501,465,332,716,767,694,446,427,483,345,110,73,334,91,96,72,169,549,279,486,729,529,334,292,430,368,187,84,514,279,220,133,448,461,267,546,690,706,607,420,616,540,205,109,531,619,540,554,846,873,505,810,995
1,833,569,538,693,743,342,148,625,547,277,305,462,423,301,657,696,656,417,405,423,316,106,71,318,84,92,67,157,512,265,456,671,494,309,267,396,346,176,77,479,254,208,125,415,432,239,511,639,649,559,381,567,496,187,104,483,581,502,506,787,791,464,751,894
2,889,605,576,759,806,369,163,669,599,300,326,505,473,338,720,772,696,456,436,488,349,112,74,337,94,95,76,170,552,285,491,732,532,339,296,433,373,187,86,517,280,222,135,453,465,266,548,699,712,607,422,623,548,205,112,537,627,546,552,850,874,513,816,1009
2,889,605,576,759,806,369,163,670,599,300,326,505,473,338,720,772,696,456,436,488,349,112,74,337,94,95,76,170,552,285,491,733,532,339,296,433,373,187,86,517,280,222,135,453,465,266,548,699,712,608,422,623,548,205,112,537,627,546,552,850,875,513,816,1008
2,889,605,576,759,806,369,163,670,599,299,326,505,473,337,720,771,696,456,436,488,349,112,74,337,94,95,76,170,551,285,491,733,532,339,296,433,373,187,86,516,280,222,135,452,463,266,547,699,712,608,421,621,548,205,111,537,627,546,551,849,875,513,815,1008
2,851,577,551,731,763,353,150,641,580,280,301,485,462,313,702,750,661,426,403,469,330,108,63,320,86,84,66,150,526,269,456,704,514,318,286,416,346,174,78,477,262,204,124,432,442,248,520,675,684,586,405,611,522,187,95,515,607,506,531,816,856,490,781,975
2,889,605,576,759,806,369,163,670,599,300,326,505,473,338,720,772,696,456,436,489,350,112,74,337,94,95,76,170,551,285,491,733,532,339,296,433,373,187,86,517,280,222,135,453,465,266,548,699,712,608,422,622,548,206,112,536,627,546,552,850,874,513,816,1006
2,889,606,576,758,805,370,164,670,599,300,325,505,472,338,721,771,696,455,436,487,348,112,74,337,95,97,76,170,554,283,490,733,532,339,294,434,373,186,88,517,278,221,134,455,466,267,548,700,712,609,423,623,548,204,112,536,627,546,552,851,875,512,817,1008
2,889,605,576,759,806,369,163,670,599,300,326,505,473,338,720,772,696,456,436,488,349,112,74,337,94,95,76,170,552,285,491,733,532,339,296,433,373,187,86,517,280,222,135,453,465,266,548,699,712,608,422,623,548,205,112,537,627,546,552,850,875,513,816,1008
2,586,412,377,490,523,225,120,428,383,195,213,320,303,232,483,490,471,286,270,341,221,79,56,227,71,65,55,139,359,193,298,490,364,215,194,273,246,133,71,330,184,163,92,285,314,181,355,435,451,385,270,399,378,146,82,357,413,356,365,540,527,359,531,608
3,884,593,574,748,786,360,162,659,586,291,320,486,470,329,707,755,687,451,423,475,343,107,71,325,93,95,75,166,536,282,477,715,522,333,284,430,366,180,87,503,273,221,129,435,448,261,532,677,705,589,403,608,539,201,109,522,616,529,534,831,851,500,795,970
3,870,577,568,731,764,351,155,642,576,284,309,482,457,315,685,736,671,437,411,451,334,106,66,320,88,92,73,160,523,277,462,687,519,324,277,419,351,177,87,484,265,214,124,423,442,249,518,655,686,573,395,592,519,193,105,503,610,508,519,801,826,480,772,937
3,887,597,580,750,794,364,163,661,597,294,323,498,472,330,711,757,691,454,426,476,345,108,73,332,95,94,76,169,541,283,484,723,528,336,294,433,367,183,88,508,276,223,129,441,453,267,537,688,708,594,413,611,544,203,110,529,620,534,539,839,861,505,801,978
3,889,602,578,756,798,367,165,670,598,297,326,505,477,338,719,766,697,458,433,478,346,107,73,337,96,96,76,171,550,285,489,734,529,338,295,437,371,186,90,513,279,222,132,451,465,269,547,697,711,602,421,629,551,204,111,537,625,545,549,851,872,511,815,997
3,885,590,576,748,784,361,162,655,589,292,318,497,473,329,708,754,685,448,421,476,340,106,72,331,93,95,76,167,538,278,479,722,524,333,286,430,366,182,88,503,273,221,131,433,453,265,537,681,705,591,414,610,539,201,110,525,617,530,533,841,858,501,798,977
3,895,607,580,760,799,369,167,676,600,299,326,506,476,338,721,767,697,460,432,480,348,109,73,338,97,96,77,172,553,287,492,736,532,339,295,437,372,186,90,515,279,224,132,451,468,271,550,698,718,605,424,625,550,204,112,539,627,544,550,858,876,510,816,1003
3,895,607,580,760,799,369,166,676,600,297,327,508,476,338,721,768,695,460,434,480,348,107,73,337,97,96,77,171,554,288,492,736,532,338,295,437,371,184,90,516,279,224,132,451,469,271,550,698,719,605,423,626,551,205,112,541,627,544,550,858,875,512,816,1000
3,852,584,554,730,764,345,155,654,581,285,305,485,453,322,698,743,672,438,412,457,326,103,69,323,90,86,77,159,530,278,470,713,505,317,285,427,355,177,84,499,260,217,125,431,446,256,528,672,691,579,405,601,534,196,104,516,602,527,525,826,847,495,785,980
3,895,607,580,760,800,368,165,677,600,299,327,507,476,338,722,768,696,459,435,481,348,107,73,337,96,95,77,171,555,288,490,736,532,339,294,437,372,185,90,516,279,224,132,450,467,270,550,698,718,605,424,626,551,205,111,539,627,545,549,857,876,511,816,1005
3,863,591,568,736,782,355,156,665,587,289,315,493,459,327,712,750,683,450,417,467,332,105,71,328,93,88,75,161,538,282,477,721,515,327,287,431,359,178,86,503,264,220,128,442,454,261,532,682,697,591,412,614,544,199,104,523,616,529,535,832,861,500,791,989
3,893,608,579,759,800,369,166,676,601,299,326,506,476,339,721,768,696,460,435,481,348,109,73,338,96,96,78,171,556,288,492,734,532,338,295,438,372,186,90,515,279,224,132,451,468,270,550,698,718,605,423,626,552,204,112,541,627,544,550,858,873,512,816,1000
3,854,572,561,724,770,350,156,643,573,283,304,479,455,318,693,723,673,436,407,459,332,103,69,319,89,93,73,162,524,271,468,696,510,327,278,418,355,176,87,491,265,217,124,422,440,249,521,659,674,585,394,588,519,195,105,503,606,514,526,807,827,481,771,934
3,886,598,576,752,792,366,164,668,595,293,323,498,473,332,713,761,692,458,428,477,346,108,73,334,95,95,76,170,545,285,481,728,527,337,294,433,370,183,89,507,277,223,131,440,455,266,539,690,706,597,414,617,547,204,110,530,623,538,540,841,864,507,810,986
3,889,602,579,756,799,367,165,673,598,299,325,505,476,335,719,766,696,459,433,480,347,107,73,336,96,96,77,170,550,284,489,734,530,339,295,435,372,186,89,514,279,223,133,450,465,269,545,696,711,604,421,625,550,203,112,534,625,543,549,851,871,511,815,996
3,850,570,560,718,760,346,157,639,574,278,301,476,450,313,683,720,663,435,402,448,327,106,66,317,91,88,72,161,518,274,455,684,507,323,280,417,350,172,82,475,263,208,119,416,438,251,513,651,677,574,390,585,512,193,107,499,599,504,512,801,820,473,763,913
3,854,585,561,729,768,346,156,656,589,287,303,490,452,322,700,742,677,442,411,458,331,105,70,321,92,87,77,160,531,279,471,709,509,319,288,428,356,179,85,496,258,218,125,430,449,261,529,672,689,580,408,601,533,197,105,518,604,524,525,830,846,492,783,980
3,882,597,575,750,796,365,164,667,596,297,321,499,471,333,715,756,693,452,429,479,345,107,73,334,95,96,77,170,544,281,486,730,525,338,293,432,367,186,89,511,274,222,132,448,465,269,541,689,705,605,417,616,546,203,111,528,622,538,544,846,865,505,808,990
3,890,601,578,758,798,368,165,672,597,300,327,504,478,337,719,764,696,459,433,479,346,106,73,337,96,96,76,171,551,285,489,734,530,339,294,435,372,185,90,515,279,222,132,451,464,269,547,697,711,604,423,626,551,204,111,535,626,544,548,851,872,509,814,996
3,828,557,547,697,754,337,157,640,562,277,310,473,441,305,665,710,644,431,406,445,317,97,67,319,93,88,75,159,517,270,456,691,495,320,279,405,348,179,88,481,256,215,125,423,432,242,513,662,659,582,390,575,508,188,103,495,587,516,508,796,818,475,773,947
3,884,598,576,754,797,368,165,668,597,298,323,500,474,335,719,762,694,458,430,479,347,108,73,337,97,96,77,170,549,282,487,731,526,339,293,433,371,186,90,512,274,223,132,448,465,269,541,691,709,603,419,624,546,203,112,533,622,541,546,848,869,508,810,991
3,880,597,574,751,789,364,162,670,594,297,325,492,470,334,708,758,693,453,427,473,342,107,73,336,95,96,76,167,546,279,482,730,528,337,291,427,369,186,89,506,276,221,131,445,457,263,535,688,702,597,416,619,546,201,110,526,617,536,540,840,862,507,808,984
3,879,599,573,751,793,362,162,672,594,296,323,499,467,335,717,765,689,458,427,478,342,109,72,335,95,94,78,167,550,286,488,732,522,334,291,435,368,184,88,515,273,224,132,450,462,267,546,693,711,598,421,621,549,203,112,534,621,541,546,852,871,510,809,998
3,847,558,552,717,746,340,152,620,560,273,298,469,445,311,674,719,654,422,394,440,323,103,63,315,88,90,73,153,511,269,449,678,502,314,271,408,341,170,85,472,255,207,120,413,430,239,507,645,673,565,384,582,500,192,103,498,589,497,504,789,820,474,748,913
3,875,592,571,744,794,364,164,663,592,294,316,498,469,332,713,750,689,453,425,478,343,107,73,332,95,95,76,170,543,280,483,721,519,338,292,428,367,183,88,508,271,221,129,441,460,268,540,685,698,602,414,612,542,203,111,524,618,536,540,844,858,500,801,976
3,886,594,577,750,791,363,163,661,591,292,322,494,469,330,709,757,688,457,426,472,346,108,72,331,95,95,74,167,540,282,478,720,528,333,288,431,364,184,87,504,275,221,130,437,453,264,534,684,705,593,409,612,542,203,109,524,618,531,536,837,856,503,802,973
3,881,586,573,750,782,357,162,655,585,292,318,489,472,327,703,752,683,449,422,469,341,104,70,327,94,94,74,167,536,281,476,714,522,333,280,428,364,181,87,502,270,221,127,436,452,261,533,674,702,591,409,607,535,200,110,522,612,525,535,829,849,498,792,960
3,846,560,551,709,742,341,150,620,562,274,301,464,443,308,667,708,650,419,396,434,321,100,64,308,87,89,73,152,505,267,448,661,504,315,270,407,336,166,85,465,261,205,121,408,429,240,502,632,662,557,385,577,500,187,102,489,587,486,500,780,803,463,734,896
3,887,591,573,751,788,359,161,660,588,290,318,487,472,329,710,757,687,453,420,476,343,106,71,328,95,94,75,164,537,279,475,721,525,332,283,429,364,183,87,501,270,220,131,436,453,262,533,676,703,592,411,610,541,200,108,522,615,529,532,838,855,502,796,976
3,869,587,573,740,784,358,164,660,589,294,321,498,467,325,704,746,684,448,423,471,337,103,72,331,95,96,76,167,536,278,478,712,521,335,291,426,367,185,90,498,274,218,130,439,457,262,533,683,695,593,415,606,539,198,109,515,614,532,534,833,850,496,798,980
3,894,607,579,760,800,369,166,675,600,299,324,505,475,338,721,766,697,459,433,479,347,108,73,338,97,96,76,170,554,287,492,735,532,338,294,437,372,186,89,515,278,223,132,450,468,269,548,697,718,603,422,624,550,204,112,540,626,544,549,857,871,512,815,1000
3,873,596,571,746,784,359,158,669,592,292,319,496,464,330,717,759,686,453,421,472,339,109,72,333,93,90,77,163,546,285,483,725,520,325,290,435,363,183,87,507,267,223,130,448,459,266,540,691,707,595,417,618,546,202,107,531,617,535,542,849,868,505,802,995
3,879,589,572,747,786,360,163,653,587,289,319,490,472,325,705,757,684,450,423,473,342,106,73,326,95,94,76,168,534,280,476,714,521,333,284,429,364,181,88,499,269,222,132,437,450,265,532,680,705,592,406,609,538,200,109,524,615,526,534,832,857,501,796,976
3,841,570,556,706,754,342,150,639,568,281,303,474,447,309,694,721,662,432,394,454,322,104,67,317,89,82,73,152,515,266,455,700,494,315,281,418,344,175,81,477,254,205,126,430,435,255,514,662,674,565,397,591,521,192,100,502,595,509,515,811,831,482,767,951
3,857,580,563,724,788,352,160,647,585,291,307,487,454,323,705,730,675,442,416,471,333,101,71,323,91,93,74,167,533,275,470,706,511,333,287,423,358,177,87,501,267,215,124,430,456,260,528,665,681,591,408,594,525,199,108,511,609,526,530,823,833,485,785,945
3,879,599,574,751,795,362,162,672,597,298,323,498,466,335,717,765,691,458,428,478,343,109,72,335,95,94,77,167,551,286,488,731,523,336,292,434,368,185,88,516,272,224,131,450,462,267,546,692,710,598,422,621,549,203,111,533,621,541,545,852,871,509,808,998
3,868,577,569,729,773,350,157,638,576,280,310,479,461,317,697,733,674,434,414,463,334,103,66,316,89,92,73,159,518,276,462,690,514,325,273,422,355,172,86,486,261,216,126,421,442,254,518,660,683,583,391,590,523,195,105,503,608,511,518,815,828,480,773,923
3,882,598,574,753,793,366,165,671,597,296,327,498,474,336,715,758,693,456,430,474,342,107,73,338,96,96,76,170,550,282,485,731,528,338,294,433,370,186,90,509,278,221,132,448,462,266,542,694,705,602,420,623,549,202,110,530,622,542,543,847,864,506,812,988
3,885,592,578,750,791,362,164,659,591,292,322,497,471,331,709,753,688,454,426,471,345,109,72,327,95,95,75,168,537,280,478,718,525,336,289,431,365,183,86,503,276,220,129,438,457,264,538,686,705,593,410,611,538,201,111,523,618,531,535,842,857,499,801,967
3,879,599,573,751,795,362,162,671,594,296,324,499,466,334,717,767,690,458,428,478,340,107,72,335,95,94,77,167,550,287,488,731,522,336,291,434,368,183,88,516,273,224,131,450,462,267,546,693,710,597,421,622,551,202,111,534,621,541,546,852,871,511,809,999
3,825,551,540,686,739,331,154,632,549,270,303,460,437,296,658,698,634,421,397,436,309,91,63,315,88,87,73,155,507,266,453,677,488,311,262,401,345,171,84,470,248,212,121,418,425,237,499,653,652,572,381,568,495,185,102,487,576,504,502,783,804,469,755,933
3,889,599,579,755,797,366,164,670,596,298,326,503,476,334,719,764,693,458,432,480,345,106,73,335,95,95,76,169,547,283,487,734,529,338,294,435,370,184,88,515,279,223,132,447,464,268,539,693,712,602,418,623,551,203,110,531,625,540,546,846,868,510,812,994
3,855,580,560,721,772,348,154,651,584,284,305,486,447,325,698,733,673,442,413,457,329,107,69,323,92,86,74,159,525,277,469,702,507,323,284,429,355,174,85,487,261,215,127,428,450,254,521,667,681,579,401,596,529,199,103,513,606,516,525,818,836,488,777,963
3,837,566,550,694,772,343,157,630,564,284,296,469,442,308,687,696,658,432,405,453,325,101,68,314,89,90,71,165,514,263,458,682,494,324,274,410,350,174,84,488,257,210,124,423,443,247,517,649,658,579,388,580,499,191,106,485,590,511,523,798,805,463,760,909
3,880,591,573,744,793,359,163,665,591,294,323,496,471,329,708,753,687,451,429,472,340,106,71,333,95,95,75,167,541,282,483,725,520,335,289,432,368,185,88,509,272,222,132,442,458,264,539,685,701,602,413,613,539,202,111,524,616,539,538,840,861,500,803,983
3,841,562,548,713,773,349,158,643,564,279,300,478,459,317,690,723,651,437,405,467,326,104,69,315,92,88,71,163,526,261,459,688,493,329,275,414,345,175,82,483,260,206,127,433,443,252,526,668,680,595,393,595,515,187,105,493,596,511,526,815,838,470,771,945
3,881,585,574,745,783,357,161,654,585,292,319,486,470,327,698,752,686,448,421,471,341,104,72,324,93,95,75,165,532,279,472,716,522,334,280,426,365,181,87,499,272,218,130,435,446,260,536,673,698,588,408,603,538,200,108,519,613,526,530,829,849,499,793,964
3,833,559,546,684,762,340,157,627,562,278,295,461,437,306,675,687,646,430,395,450,321,101,66,309,88,90,70,161,509,259,452,669,487,323,274,408,345,172,82,477,258,207,124,414,435,245,512,638,656,573,382,567,495,187,104,478,583,501,513,791,796,452,747,891
3,889,602,579,755,799,368,164,673,599,299,325,505,476,337,720,766,695,459,432,481,346,108,73,337,96,96,75,171,552,284,488,735,530,338,295,437,371,185,90,515,279,223,131,449,467,268,545,696,711,605,423,626,551,204,111,534,625,543,550,851,871,511,816,997
3,886,592,575,750,789,361,165,659,591,291,323,489,469,330,704,755,689,454,425,472,346,108,73,328,96,96,77,169,537,280,480,719,525,335,286,430,366,183,89,503,273,223,131,441,451,265,537,682,704,592,409,604,539,203,111,525,615,531,535,835,855,503,797,971
3,889,602,579,755,798,368,165,671,598,297,327,502,475,335,718,765,696,459,432,479,347,108,73,336,96,96,77,170,548,283,488,733,529,339,295,435,372,185,89,513,279,224,133,448,462,268,541,695,711,602,418,624,549,203,112,532,624,542,546,847,871,510,812,994
3,889,602,578,756,799,368,165,672,596,298,327,505,476,336,719,764,696,459,433,480,347,108,73,337,97,96,77,170,550,283,489,734,529,339,294,434,372,186,90,514,278,225,133,451,465,269,545,697,711,604,421,625,550,203,112,533,625,543,549,851,871,509,815,996
3,895,608,581,759,800,369,165,677,603,299,327,506,476,339,721,768,696,460,436,481,349,109,73,338,96,96,77,171,554,287,492,735,533,338,296,438,372,187,90,515,279,224,131,451,468,270,550,698,719,605,422,626,552,204,112,538,627,545,550,858,875,510,817,1002
3,889,600,579,754,797,367,165,672,596,298,325,505,478,336,719,764,693,458,432,481,344,108,73,337,96,96,76,171,549,284,489,734,529,339,294,436,372,185,89,514,279,223,133,450,465,269,546,697,711,604,420,626,551,203,112,533,626,543,549,851,869,510,815,996
3,895,607,581,760,798,369,166,676,602,300,327,505,479,339,721,767,695,460,433,482,348,109,73,337,97,96,77,171,555,288,492,735,533,338,296,438,371,186,90,517,279,224,132,451,467,270,549,698,720,604,424,626,553,203,112,540,627,544,550,857,874,511,816,1002
3,888,601,575,755,798,368,165,671,597,298,326,500,474,336,718,765,694,459,433,480,346,108,73,338,96,96,76,170,549,284,490,731,529,338,293,435,372,186,90,513,276,223,131,447,465,269,543,690,708,603,420,623,550,204,111,533,624,544,545,850,868,508,813,992
3,895,607,580,760,800,369,166,675,602,299,326,506,476,339,721,768,697,460,434,481,348,107,73,338,97,96,77,171,554,288,492,733,532,338,296,438,372,185,90,516,278,224,131,451,468,270,550,698,718,605,423,625,552,205,112,538,627,544,550,858,874,510,816,1004
3,895,607,580,760,799,369,166,676,600,299,327,506,477,339,721,767,696,460,434,481,348,107,73,338,97,96,77,171,554,288,492,736,532,339,295,437,372,185,90,516,279,224,132,451,468,270,550,698,719,604,423,626,552,205,112,540,627,544,550,858,874,512,816,1000
3,895,606,580,761,799,369,167,676,600,299,326,506,477,339,720,767,697,460,433,480,348,109,73,338,97,96,78,171,554,287,492,736,532,340,295,436,372,186,90,515,279,224,132,451,468,270,550,698,718,605,423,626,551,204,112,540,627,544,549,858,874,512,816,1000
3,895,606,580,761,799,369,167,676,600,299,326,506,477,339,720,767,697,460,433,480,348,109,73,338,97,96,79,171,554,287,492,736,532,340,295,436,372,186,90,515,279,224,133,451,468,270,550,698,718,605,423,626,551,204,113,540,627,544,549,858,874,512,816,1000
3,867,590,565,745,777,356,159,662,585,289,315,491,461,328,709,754,680,449,417,467,333,107,71,333,93,90,78,163,540,283,479,721,516,325,287,428,361,181,87,505,265,223,129,441,454,261,537,685,704,590,411,612,542,200,107,524,613,532,535,842,861,502,797,986
3,895,607,580,761,800,369,166,675,600,299,327,504,476,340,721,768,697,459,433,481,348,109,73,338,97,96,77,171,554,288,492,736,532,339,295,437,370,186,90,516,279,224,132,451,468,269,550,698,719,605,422,626,552,204,112,541,627,543,550,859,875,512,816,1000
3,851,580,555,725,770,347,156,648,576,283,301,482,446,323,700,728,672,443,409,455,324,104,69,323,92,86,76,160,523,277,466,702,504,320,282,424,355,173,85,490,260,217,126,422,447,252,523,666,684,577,395,593,531,196,104,508,602,517,522,823,833,487,776,954
3,894,607,580,758,800,369,165,676,601,299,327,506,476,339,721,768,696,460,435,481,348,109,73,338,96,96,77,171,555,287,492,734,532,338,295,438,372,186,90,515,279,224,132,451,467,270,550,699,717,605,423,627,552,204,112,539,627,544,550,858,875,511,816,1001
3,895,606,580,760,799,369,165,674,601,299,326,505,478,338,721,770,696,461,433,480,347,110,73,339,96,96,77,171,554,288,491,736,532,337,293,440,371,186,90,516,278,224,132,451,467,270,550,698,718,603,425,627,553,204,112,540,627,544,550,858,875,513,817,1001
3,859,587,557,736,764,349,156,656,583,288,309,488,461,322,701,750,673,441,415,463,332,103,70,326,92,89,77,161,532,279,475,718,510,316,287,428,359,180,86,505,261,221,127,436,448,259,534,679,697,581,409,607,537,199,107,518,604,532,532,835,852,501,793,982
3,841,565,554,703,764,343,152,631,562,280,303,473,445,306,682,712,654,428,403,453,320,103,65,317,88,87,73,158,511,268,458,688,501,317,272,416,350,176,83,483,260,211,127,426,435,247,522,658,668,579,391,576,503,186,106,494,593,515,522,803,824,467,772,933
3,892,607,578,759,800,368,166,675,600,299,323,504,474,338,721,766,695,459,433,480,347,109,73,338,97,96,76,170,554,287,492,736,532,338,294,437,371,186,89,515,278,223,132,449,468,269,548,695,718,604,421,623,550,204,112,540,626,543,549,856,871,512,815,1000
3,895,607,579,761,800,369,166,676,600,298,326,506,476,339,721,768,697,460,433,479,348,109,73,338,97,96,77,171,554,286,492,737,532,339,295,437,372,186,90,514,279,224,132,451,468,270,550,698,718,605,423,627,549,204,112,541,627,544,550,858,876,512,816,1000
3,894,607,580,759,800,368,166,677,601,299,327,506,476,339,721,767,696,460,435,481,348,109,72,338,97,95,77,171,554,287,493,736,531,339,295,438,372,186,90,515,279,224,132,451,468,270,550,698,719,605,423,625,552,204,112,540,626,545,550,858,875,512,815,1001
3,895,607,580,760,800,369,165,676,600,299,327,505,476,339,722,767,697,460,432,481,348,109,73,338,97,96,76,171,555,288,492,736,532,338,296,438,371,186,90,516,279,224,132,451,467,270,550,698,718,605,423,625,551,204,112,541,628,544,551,858,874,511,817,1000
3,895,607,580,759,800,369,166,676,600,299,327,506,476,338,721,769,697,460,434,481,348,109,73,338,97,96,77,171,555,285,491,736,531,339,295,438,372,186,90,514,279,223,132,452,468,270,550,698,718,605,423,626,552,204,112,539,627,544,550,857,874,514,816,1002
3,844,575,551,720,754,340,152,644,570,280,303,478,442,319,682,733,664,430,405,450,326,104,68,316,91,86,75,157,521,266,461,704,500,312,281,419,349,173,85,484,257,214,126,426,435,254,517,666,682,572,392,586,520,197,104,509,594,511,519,811,834,491,775,963
3,895,607,580,760,800,369,165,676,600,299,327,505,476,339,722,767,697,460,433,481,348,107,73,338,97,96,77,170,555,289,492,736,532,339,295,437,371,186,90,516,279,224,132,451,467,270,550,698,718,604,423,626,552,204,112,542,627,544,550,859,874,512,816,1000
3,894,607,580,758,800,369,166,677,601,299,327,506,475,339,721,767,695,460,435,481,348,109,73,338,97,96,77,171,555,287,492,736,531,340,295,438,372,186,90,515,279,224,132,451,468,270,550,698,718,605,423,625,551,204,112,540,627,544,550,858,874,512,816,999
3,895,607,580,759,800,369,166,676,600,299,326,507,476,339,721,766,696,459,434,482,348,109,73,338,97,96,78,171,554,287,492,736,532,339,295,437,372,186,90,515,279,224,133,451,468,270,550,699,718,606,423,624,551,204,113,540,627,544,550,858,874,512,816,1000
3,895,606,580,760,800,368,166,675,601,300,327,505,475,340,721,769,697,460,434,481,349,108,73,338,97,96,77,171,554,286,492,736,531,339,295,438,372,187,90,515,278,224,132,451,470,269,549,697,718,604,424,626,551,205,112,540,627,544,549,858,874,513,816,1001
3,872,585,570,738,788,356,161,660,588,295,314,492,465,326,709,750,684,449,421,472,338,106,70,328,91,93,75,169,541,280,480,710,512,333,287,429,366,183,88,506,268,220,131,437,456,261,539,677,696,596,411,610,534,200,110,517,613,535,535,835,854,493,791,971
3,893,606,582,759,799,368,166,676,600,300,327,506,476,340,721,767,696,460,433,481,347,107,73,338,97,96,77,171,554,288,492,736,532,339,295,437,372,186,90,515,279,223,132,452,469,269,550,699,719,604,423,627,552,204,112,541,627,544,550,858,875,512,816,1001
3,878,604,571,756,792,365,166,668,594,297,322,500,471,337,717,765,692,451,432,478,344,108,72,336,96,96,76,170,548,285,487,730,528,336,291,435,370,184,88,509,278,221,128,444,467,268,539,690,711,600,419,620,547,203,112,537,622,537,545,850,865,509,812,993
3,872,594,566,748,786,359,161,664,587,292,320,494,464,333,710,762,682,451,425,475,335,107,71,335,94,94,77,166,545,283,483,728,518,331,288,430,366,181,88,513,271,224,130,443,457,262,542,687,707,594,414,616,546,200,111,527,616,538,540,845,864,508,805,991
3,895,607,579,761,800,369,166,676,599,300,327,505,477,339,721,767,698,460,433,481,348,108,73,338,97,96,77,171,554,288,492,736,531,339,295,437,372,186,90,516,279,224,132,451,468,269,550,698,718,605,424,625,552,204,112,540,627,544,550,858,874,512,816,1000
3,894,607,580,760,800,369,165,676,601,298,327,507,476,339,721,769,695,460,435,481,347,109,73,338,96,96,77,171,556,287,491,734,532,338,295,438,372,186,90,514,279,224,132,450,468,270,548,699,719,605,423,626,552,203,112,540,627,544,549,857,874,512,817,1003
3,894,607,580,760,800,368,166,676,599,299,327,506,476,340,721,767,697,460,433,481,347,109,73,338,97,96,78,171,553,287,492,736,532,338,295,438,372,186,90,515,280,224,133,451,468,270,550,698,718,605,423,625,552,204,113,539,627,544,550,858,875,511,816,1002
3,844,574,551,721,755,340,153,646,577,280,300,480,446,319,684,735,663,430,407,450,321,100,68,317,91,86,75,157,522,275,465,701,501,314,282,423,352,172,84,488,255,215,124,421,442,251,516,660,682,575,396,589,522,194,104,513,596,515,516,810,832,488,773,969
3,895,607,580,760,800,369,166,676,600,299,327,505,476,338,721,767,696,460,433,481,347,109,73,338,97,96,77,171,555,288,492,735,532,339,295,437,371,186,90,516,279,224,132,450,467,271,549,699,718,605,423,624,552,203,112,540,627,544,549,860,873,511,818,1000
3,894,607,580,759,800,368,165,676,601,299,327,506,476,340,721,768,695,460,435,481,347,109,73,337,96,96,77,171,555,286,492,735,532,338,295,438,372,186,90,514,279,224,132,451,468,270,550,699,718,604,423,627,552,203,112,541,627,543,550,859,874,513,816,1001
3,895,607,581,759,800,369,166,676,600,299,326,507,476,339,720,767,697,460,433,481,348,109,73,338,97,96,77,171,554,288,492,736,532,339,295,437,371,186,90,515,279,224,132,450,467,270,551,699,718,605,423,625,552,204,112,541,627,543,550,859,875,512,816,1000
3,856,587,567,721,773,352,156,658,581,287,316,486,451,320,710,735,674,447,410,466,331,108,72,329,92,89,76,162,533,278,471,717,510,323,287,425,356,181,86,496,262,218,128,444,447,262,530,683,690,581,407,604,537,200,105,517,610,525,533,830,850,498,787,978
3,896,606,579,762,799,369,166,676,600,299,327,505,477,339,722,767,694,460,434,481,346,107,73,338,97,96,77,171,555,288,492,736,532,339,295,437,372,185,90,516,279,224,132,451,468,270,549,698,720,605,423,625,552,203,112,541,627,544,550,858,874,512,816,1000
3,894,607,580,759,799,369,165,676,601,299,327,506,477,339,721,768,695,459,435,482,348,109,72,338,95,96,76,171,554,287,493,735,532,338,295,438,372,185,89,516,279,224,132,451,468,269,551,699,719,605,423,626,552,204,112,539,628,543,551,859,875,512,816,1002
3,895,607,580,760,800,369,166,676,600,300,326,505,476,339,722,767,695,460,434,481,346,108,73,338,97,96,77,171,555,288,492,736,532,339,295,437,372,186,90,516,278,224,132,451,468,269,551,698,719,605,422,626,552,202,112,541,628,544,550,859,874,512,816,998
3,860,577,557,728,767,356,155,641,573,281,309,479,457,313,691,737,673,437,415,456,334,102,68,322,89,92,73,158,520,276,464,698,508,324,277,416,357,173,86,487,264,216,128,417,440,252,518,662,682,582,393,595,524,196,103,507,600,512,516,819,834,490,772,940
3,882,588,573,745,776,360,159,651,584,289,318,495,468,324,701,753,680,445,425,467,339,107,70,325,93,92,75,164,531,278,473,715,523,326,285,427,363,177,86,501,274,220,131,430,450,258,529,683,702,589,406,605,535,198,108,518,609,524,531,834,854,500,797,971
3,889,604,579,755,790,366,164,672,599,295,322,503,473,334,719,761,692,456,426,475,345,109,73,336,96,93,77,168,549,286,487,731,530,331,293,436,366,185,89,508,273,223,131,449,467,269,544,694,716,601,421,621,548,203,108,538,622,537,546,854,871,508,808,993
3,890,601,575,756,798,368,164,672,598,297,325,501,476,336,719,764,695,458,433,480,347,106,73,337,96,96,75,170,549,283,487,733,529,338,293,434,372,185,89,512,276,223,132,449,464,269,543,695,708,605,420,625,549,204,111,531,623,542,547,852,871,507,815,998
3,838,551,548,704,740,337,147,623,559,274,296,464,438,304,669,709,647,415,394,430,322,99,65,311,84,87,71,155,507,265,445,676,493,315,270,405,335,170,83,471,256,208,120,406,431,234,507,636,661,566,382,579,490,190,101,487,586,490,504,785,811,466,742,896
3,870,575,562,733,759,351,154,637,576,280,305,475,452,314,686,729,670,434,406,445,331,104,66,320,87,91,73,158,516,277,459,688,517,320,279,414,349,173,86,480,264,212,122,411,439,246,510,651,681,570,390,588,517,194,103,502,603,504,509,803,827,477,763,923
3,889,602,579,755,799,368,164,671,599,299,327,505,476,337,719,767,695,459,435,480,347,108,73,336,95,96,76,171,550,284,489,733,530,338,295,437,372,186,90,514,279,223,132,451,465,268,546,698,711,603,421,627,551,203,111,535,626,544,549,850,872,511,814,997
3,815,560,542,701,748,340,149,631,560,272,298,468,437,310,680,714,654,424,400,447,316,97,67,312,90,85,70,155,508,266,455,680,490,312,273,418,349,165,82,472,249,211,122,416,437,245,501,643,659,570,382,575,511,190,102,495,593,500,508,786,805,477,753,941
3,890,602,578,756,799,368,165,672,597,299,326,505,476,337,719,765,696,459,433,480,347,108,73,337,96,96,77,171,550,283,489,734,529,339,295,436,372,186,90,514,279,223,133,451,465,268,547,698,711,604,421,625,550,204,112,533,626,544,549,851,871,511,815,997
3,890,601,579,755,796,368,165,671,600,298,325,502,475,336,718,765,694,459,432,479,346,106,73,335,96,95,76,170,549,285,487,732,529,339,296,436,372,183,89,514,278,222,131,447,462,268,541,693,712,601,418,624,550,204,110,533,625,542,546,845,870,508,811,995
3,888,600,579,756,798,367,165,672,598,299,324,505,477,336,718,763,695,457,432,480,347,108,73,337,96,97,77,170,549,283,487,734,529,339,295,434,370,187,90,512,278,222,132,450,465,269,545,696,711,606,421,624,550,203,112,532,624,541,548,851,872,509,814,998
3,890,604,580,757,799,369,165,674,599,298,327,505,477,337,720,765,695,459,433,481,348,109,73,337,96,96,76,171,553,286,489,734,531,339,295,436,371,186,90,514,279,223,132,451,464,269,547,698,715,605,421,625,550,204,111,537,627,544,549,851,872,510,815,999
3,877,589,573,741,784,357,163,657,587,293,316,490,466,326,701,746,681,450,418,469,339,108,71,328,94,95,77,167,535,277,480,705,520,332,287,427,364,185,87,501,269,219,129,438,454,258,533,676,701,589,408,603,532,196,112,511,615,529,532,828,848,490,789,963
3,873,580,569,735,775,352,158,646,579,285,311,483,461,315,691,738,678,439,413,455,337,107,67,323,92,91,73,162,520,279,468,692,517,330,282,420,351,179,87,486,268,214,126,425,445,255,519,659,686,580,396,594,523,196,106,506,610,513,523,808,832,483,775,932
3,889,602,579,755,799,368,165,672,599,299,327,505,476,335,719,766,695,459,434,479,347,108,73,337,96,96,76,170,550,284,489,735,530,339,295,436,371,186,89,514,279,223,132,451,467,269,544,696,711,604,422,626,550,203,111,535,625,542,549,851,871,511,815,993
3,889,605,580,755,801,369,164,673,600,298,326,505,476,337,719,767,697,459,434,481,348,108,73,337,95,96,76,171,553,285,489,732,531,338,295,437,371,186,90,513,279,223,132,450,465,268,547,697,712,605,421,626,551,204,111,536,627,543,549,851,871,512,815,1000
3,886,590,575,747,789,361,162,658,587,291,320,493,473,328,707,751,686,455,425,473,342,108,72,330,94,95,75,166,536,281,479,716,524,334,286,430,365,182,87,500,274,222,129,433,449,264,532,681,702,589,407,607,542,202,109,523,616,529,533,835,849,502,797,967
3,890,597,578,755,797,365,165,666,596,297,326,502,476,335,718,762,691,457,430,479,345,108,73,335,96,96,76,170,546,284,486,730,529,338,294,436,368,186,89,512,279,223,132,449,462,267,545,693,710,600,419,622,547,202,111,533,625,539,548,848,868,506,811,992
3,890,605,580,756,799,369,165,674,599,299,327,505,475,335,720,766,696,459,434,481,348,107,73,336,96,96,76,171,552,285,489,735,531,338,295,436,372,185,90,515,278,223,132,450,464,268,547,697,714,604,421,623,551,204,111,536,627,544,548,850,871,513,814,997
3,926,617,588,761,809,379,171,672,604,304,335,510,475,353,731,770,702,461,441,489,356,122,83,346,112,100,87,175,557,283,505,731,542,352,299,449,376,193,95,519,289,236,143,459,474,276,559,699,722,601,425,629,552,213,125,539,638,543,562,864,871,517,812,998
3,885,594,577,750,796,362,164,660,592,297,323,494,472,331,712,755,688,455,430,476,344,108,73,332,95,96,76,170,540,281,484,718,525,336,287,432,366,186,89,507,273,219,130,445,460,266,541,684,709,596,412,610,543,201,111,523,619,536,537,844,856,500,800,968
3,807,556,531,704,734,334,149,631,565,273,296,465,437,311,669,725,648,417,402,443,316,100,68,311,90,82,74,156,510,265,454,689,483,308,275,413,348,171,84,481,246,213,123,415,433,245,509,640,659,566,390,582,512,191,101,497,578,516,504,791,816,479,759,944
3,883,601,577,748,797,366,165,671,594,298,323,501,467,334,719,752,692,459,431,481,346,107,73,335,96,95,76,170,548,284,484,732,528,337,292,430,371,185,89,510,275,221,131,448,462,268,545,693,705,601,417,613,549,204,110,532,622,541,545,849,860,508,810,990
3,802,544,535,677,724,318,147,612,558,269,287,448,418,307,660,690,635,409,388,433,304,102,66,301,88,84,69,154,492,264,442,670,486,306,264,404,336,164,83,467,244,204,121,398,418,239,485,623,635,540,376,562,501,191,99,489,570,493,490,764,786,468,730,907
3,851,585,565,720,771,350,156,657,582,286,315,485,451,320,708,735,672,444,410,465,330,106,71,328,93,90,76,160,530,279,473,719,510,324,287,425,355,179,86,498,261,217,128,443,448,262,528,678,687,581,407,604,535,201,106,519,610,525,531,828,849,499,785,972
3,814,549,544,678,732,328,146,619,562,270,291,447,422,305,667,700,642,414,387,440,311,100,66,308,86,83,71,154,490,260,453,682,489,313,263,409,339,165,83,474,243,205,123,415,419,239,497,639,640,547,378,568,501,193,99,484,583,503,501,779,802,471,749,903
3,876,598,571,750,795,362,162,669,594,295,320,495,463,334,718,765,691,457,426,477,342,109,72,335,95,94,76,166,548,287,488,730,522,335,289,434,367,184,87,516,272,223,130,448,461,265,543,690,710,597,419,617,549,203,111,532,619,540,545,850,869,508,808,999
3,836,567,543,700,742,341,146,630,555,274,297,470,436,311,676,711,650,418,390,449,322,103,63,309,87,82,70,148,502,259,452,692,499,310,274,405,335,171,82,463,254,201,124,428,432,249,509,649,660,563,387,581,508,185,95,503,587,493,519,793,822,474,756,933
3,832,573,554,707,759,344,153,646,569,278,304,479,442,315,692,717,659,435,401,455,322,103,70,322,93,86,74,158,521,272,466,698,497,318,278,420,351,173,84,481,251,214,124,429,445,255,510,664,677,575,397,585,517,197,104,511,599,511,518,808,826,486,768,956
3,883,601,575,747,785,363,161,672,592,292,319,501,465,331,720,750,685,456,424,474,343,109,73,334,95,91,77,167,547,284,482,725,526,326,291,431,365,185,89,501,269,222,130,446,463,268,544,692,710,597,415,614,546,202,107,532,619,535,542,853,862,503,803,990
3,882,599,575,747,787,363,163,671,593,293,318,501,464,331,720,749,686,456,424,475,343,109,73,334,96,91,77,167,545,284,482,726,526,329,291,431,366,185,88,501,269,221,130,446,463,268,544,693,708,598,416,611,546,202,107,532,619,535,542,854,863,503,804,989
3,914,613,581,762,805,374,166,674,606,300,329,509,478,342,722,770,704,459,438,483,354,116,73,342,97,97,75,171,558,288,494,738,536,341,297,440,373,188,88,520,282,224,135,449,468,270,550,698,717,606,428,626,552,206,113,543,629,547,551,857,873,516,817,1002
3,877,597,574,735,779,359,162,664,589,290,318,494,460,327,712,740,679,450,416,469,336,108,73,333,96,91,77,166,539,282,478,724,522,327,291,428,360,183,88,498,268,219,129,443,458,264,536,685,704,589,411,607,539,200,107,529,615,529,536,840,856,501,795,980
3,818,549,538,688,728,330,150,620,554,268,290,460,425,312,667,699,635,416,392,438,305,101,68,314,92,84,73,154,499,266,448,679,488,309,267,409,337,166,83,468,247,206,119,406,430,241,496,634,651,551,375,569,511,191,102,490,580,496,498,780,793,474,745,923
3,839,575,550,711,753,346,156,639,565,276,303,477,445,318,690,708,658,436,405,454,322,100,71,318,95,89,75,162,512,272,458,691,499,315,280,418,354,172,88,472,255,214,124,421,440,255,512,658,677,567,386,576,523,193,106,506,597,507,514,805,812,482,766,945
3,868,589,572,733,779,358,161,655,588,289,312,496,452,327,708,736,678,454,417,468,337,108,72,330,95,91,77,165,536,283,470,703,516,324,288,426,362,182,88,488,262,217,128,437,457,265,535,684,699,585,407,596,539,199,107,522,609,523,528,843,845,491,790,972
3,822,569,547,703,750,343,154,636,558,275,301,473,438,313,693,711,656,435,398,454,318,101,70,320,93,88,75,159,510,273,460,690,492,313,276,417,351,171,86,478,250,215,123,423,439,252,511,661,670,565,386,579,523,194,105,501,597,508,514,808,816,484,764,950
3,878,596,574,743,783,361,163,667,591,291,314,500,460,329,713,743,684,454,420,472,342,109,73,331,96,91,77,167,544,283,478,719,523,328,291,427,365,184,88,497,266,221,129,438,462,267,540,685,705,595,411,604,540,201,107,530,616,531,535,849,851,498,799,982
3,837,580,557,715,765,349,155,648,572,281,306,484,447,317,706,722,666,443,404,459,326,105,72,324,94,88,75,161,526,276,466,702,500,317,281,424,353,176,86,488,253,217,125,434,448,259,518,674,685,576,401,595,528,197,105,512,603,517,524,820,837,489,774,964
3,841,571,551,702,754,338,153,639,570,280,298,475,438,314,687,713,658,431,399,453,325,105,69,316,93,86,74,157,512,270,460,699,497,316,281,418,346,175,84,482,254,209,125,424,438,253,516,657,668,563,392,580,516,196,104,505,594,512,517,808,817,484,768,942
3,807,553,521,692,721,333,148,622,545,269,295,453,426,307,666,701,637,418,388,438,314,104,70,310,90,82,72,153,501,265,448,679,473,302,269,397,337,170,81,467,247,203,122,415,429,247,501,638,653,548,384,573,509,191,98,495,559,502,500,794,805,473,740,920
3,885,599,575,748,786,363,163,671,592,293,318,501,464,331,720,749,687,456,423,475,343,107,73,334,96,92,78,166,546,285,482,727,526,329,291,430,366,184,89,503,269,221,130,446,463,268,543,692,707,598,416,611,546,203,107,533,619,536,541,853,862,504,804,989
3,840,572,552,718,755,343,152,634,576,285,303,478,444,315,689,732,659,434,406,455,325,104,69,319,91,89,75,157,520,274,462,691,501,310,284,421,351,178,84,490,255,214,125,426,441,255,525,665,682,568,398,587,523,192,107,505,593,515,517,825,829,483,774,952
3,827,561,549,687,756,341,151,625,557,274,303,465,429,298,669,690,655,426,397,436,318,105,69,311,87,89,72,152,510,260,454,660,488,318,271,400,345,175,77,478,254,211,125,416,435,242,510,637,654,566,382,564,495,183,103,472,579,501,507,792,792,452,747,888
3,868,583,567,731,772,354,157,652,580,289,318,487,453,321,690,735,677,436,418,455,338,109,71,326,93,93,74,164,539,276,476,703,511,327,285,421,355,181,86,500,267,219,130,440,449,257,538,673,695,588,405,595,520,200,110,516,603,521,536,826,840,491,782,947
3,846,572,558,714,757,342,153,644,572,279,306,477,440,316,689,726,657,434,403,455,320,104,69,325,92,87,75,157,520,274,465,704,503,316,281,418,351,175,84,484,255,216,126,426,442,253,517,662,683,573,392,584,521,197,105,510,599,512,518,814,831,489,773,954
3,857,583,565,724,768,350,157,654,579,285,310,485,447,320,706,731,670,447,404,463,329,108,72,328,94,89,77,160,531,279,471,710,509,319,287,422,355,180,86,493,259,219,127,437,449,262,529,676,692,579,403,596,532,199,105,517,605,521,529,834,844,492,783,969
3,895,607,580,760,800,369,166,675,600,299,327,507,474,338,721,768,697,460,434,481,348,107,73,338,97,96,77,171,554,288,492,735,532,338,295,437,372,185,90,516,278,224,132,449,467,270,550,697,718,604,424,623,552,205,112,540,627,544,548,857,875,512,814,1000
3,888,603,579,756,796,367,166,671,599,297,323,505,472,337,717,761,694,459,430,478,346,107,73,336,97,95,77,170,551,286,488,728,529,336,296,435,371,184,90,511,276,224,131,445,466,269,547,695,715,602,418,618,548,204,110,535,624,540,545,857,865,505,814,996
3,843,573,556,703,761,341,152,642,573,278,300,475,436,319,692,713,659,436,402,451,320,106,69,320,90,85,74,157,514,273,460,696,499,320,278,420,348,171,84,477,256,211,125,424,442,249,512,658,673,565,390,586,519,197,101,505,598,506,518,805,822,481,763,945
3,860,588,567,727,774,352,156,660,583,285,316,488,452,324,711,738,673,448,411,467,331,108,72,329,93,90,77,161,535,281,475,718,512,324,287,426,356,180,86,498,263,220,128,444,451,264,533,682,695,582,408,606,538,200,107,523,610,525,535,837,853,499,787,980
3,883,600,575,747,787,362,163,672,593,293,318,501,466,332,720,750,687,456,423,475,343,110,73,333,96,91,77,167,546,284,481,729,526,330,291,431,365,185,88,502,270,221,130,447,465,268,543,692,708,598,417,615,546,202,107,534,619,535,543,853,862,505,805,986
3,832,563,550,700,744,337,152,631,567,276,296,470,434,316,678,709,650,425,399,446,316,105,69,319,93,86,73,157,507,269,457,695,498,314,274,412,346,173,85,478,250,212,125,417,437,246,512,653,664,560,386,579,514,194,103,501,588,508,510,804,812,482,763,931
3,844,577,555,722,758,343,155,642,580,287,304,482,448,319,689,737,664,439,409,456,327,105,69,321,91,89,77,160,523,278,465,700,503,313,285,423,353,179,86,494,256,216,125,427,444,257,527,669,687,569,402,592,530,195,107,511,596,520,518,828,834,489,781,959
3,877,594,574,741,781,361,162,664,590,290,314,499,460,330,715,743,683,453,418,473,341,107,73,332,96,91,77,166,543,284,475,717,522,327,291,428,364,183,88,496,266,220,129,441,460,268,540,687,703,594,410,606,542,202,107,528,616,530,536,849,851,497,800,982
3,831,566,546,701,744,333,151,637,567,276,297,470,434,312,678,714,649,424,398,445,313,102,68,316,91,85,75,154,510,269,457,693,492,311,281,415,345,171,83,478,252,211,122,417,434,248,509,651,671,563,385,577,514,193,103,499,588,505,509,800,817,480,759,954
3,884,600,575,748,787,364,163,671,592,292,318,501,466,334,720,748,688,457,423,474,342,107,73,334,96,91,77,167,547,285,482,727,526,330,290,431,366,182,88,503,270,221,130,447,464,268,543,693,708,598,416,615,547,203,107,534,619,535,543,853,861,504,804,990
3,835,568,556,705,749,338,152,643,579,276,302,473,436,319,683,716,655,428,401,446,316,105,70,319,92,85,75,156,517,271,462,699,500,317,278,419,348,173,84,478,251,213,124,424,441,250,513,657,673,568,395,585,517,194,102,510,592,509,512,807,827,483,762,955
3,883,601,575,746,788,363,162,671,593,293,317,502,465,332,721,750,687,457,423,475,343,109,73,334,96,91,76,167,545,284,482,727,526,328,291,432,365,185,88,502,269,221,130,447,466,268,543,692,708,598,417,615,546,202,107,532,619,535,544,853,863,503,804,992
3,884,600,575,748,787,363,163,670,592,293,318,500,466,332,720,751,688,456,422,476,343,107,73,334,96,91,77,167,545,284,483,727,526,330,291,430,366,184,88,504,270,222,130,446,463,267,544,692,708,597,416,615,546,203,107,532,619,536,543,853,863,505,803,992
3,884,600,575,748,787,363,163,671,594,293,317,501,466,332,720,749,688,456,423,475,343,107,72,334,96,91,77,167,546,285,482,726,526,330,292,430,366,183,88,503,269,221,129,447,462,269,544,693,708,598,416,614,546,203,108,532,619,535,543,853,863,503,803,995
3,850,575,557,709,764,345,155,645,572,280,306,479,440,320,696,718,660,439,406,458,326,108,70,323,94,87,73,159,517,274,464,701,503,322,280,421,351,175,85,481,259,214,128,430,445,254,519,667,676,571,394,587,522,199,103,509,601,511,524,817,826,485,773,949
3,844,574,556,710,754,340,153,646,576,281,303,478,442,316,689,725,659,432,401,455,324,106,70,319,93,87,75,157,521,272,465,704,501,316,284,420,350,177,84,485,255,213,125,430,442,257,518,663,679,570,397,588,519,196,105,513,596,515,521,815,828,488,774,961
3,873,593,573,733,775,357,161,659,586,288,312,493,458,326,711,733,677,449,411,467,335,108,73,331,96,91,77,164,536,281,474,714,519,324,291,426,359,182,87,493,266,219,128,439,455,265,534,684,702,586,404,602,535,200,107,523,612,523,534,841,846,494,791,977
3,893,603,579,754,798,364,165,670,595,299,325,501,470,336,718,765,694,457,430,479,347,110,71,334,96,96,75,171,552,287,488,731,528,338,291,436,369,185,90,516,278,223,132,445,463,268,548,688,714,599,419,620,547,203,112,537,624,542,547,850,867,508,809,994
3,813,559,538,686,741,338,151,621,550,269,293,465,429,312,682,692,646,427,397,446,316,101,67,314,92,85,71,157,489,267,453,679,484,312,270,415,346,165,84,466,249,209,123,415,433,244,499,647,652,551,372,567,512,194,103,490,590,498,510,785,792,476,749,923
3,815,562,536,691,741,334,151,626,554,273,289,468,434,310,679,699,646,422,394,445,315,101,68,312,92,85,73,156,502,264,452,686,484,309,272,413,344,169,84,474,247,208,122,415,432,245,501,650,657,557,382,573,506,192,103,494,584,505,508,789,801,478,754,928
3,815,553,538,684,726,326,148,619,562,272,288,462,426,309,662,698,639,410,393,434,307,101,67,309,90,83,74,153,496,263,447,684,487,306,273,410,338,168,83,472,246,205,119,407,427,241,503,635,647,548,380,567,505,189,102,490,577,501,497,783,794,473,747,925
3,813,555,522,704,729,337,150,628,548,273,295,459,431,313,671,711,646,424,394,443,320,104,70,311,91,82,73,155,508,268,451,685,477,306,269,399,343,172,82,472,249,206,123,418,435,249,508,644,656,557,390,580,515,192,98,502,562,509,505,804,811,477,749,930
3,807,552,522,693,721,332,149,622,545,269,294,454,426,310,665,701,637,418,388,437,313,104,70,310,91,82,73,153,500,265,448,681,474,304,268,398,337,170,82,467,248,204,122,414,430,247,500,638,653,548,384,574,510,191,98,497,559,502,500,793,804,474,740,921
3,801,560,513,701,730,336,151,620,544,272,296,461,429,312,671,699,649,422,393,439,321,104,71,310,92,84,74,158,501,266,450,683,473,305,272,396,345,170,83,473,250,209,121,412,436,247,497,637,654,550,393,575,511,194,103,495,560,507,501,787,802,478,739,917
3,884,600,575,748,787,363,163,670,592,293,317,501,465,332,720,750,688,455,422,475,342,109,74,334,96,91,77,168,546,284,482,726,526,330,291,430,366,185,88,502,270,221,130,447,464,268,544,693,708,598,416,614,545,202,107,533,619,536,543,853,862,504,804,991
3,869,592,566,738,770,353,159,660,592,289,308,495,464,326,705,744,680,443,417,461,334,105,71,324,93,89,77,164,536,279,475,713,517,320,293,433,360,180,87,496,265,218,126,432,454,264,533,677,698,587,407,607,537,196,106,524,612,527,530,836,846,495,792,982
3,895,606,580,761,800,369,165,676,600,299,327,505,476,339,722,767,696,460,433,481,348,109,73,338,96,96,77,171,555,287,492,737,532,339,295,437,371,186,90,516,279,224,132,451,467,270,550,698,719,605,423,625,551,204,112,541,628,544,550,858,875,512,816,1000
3,876,599,571,750,795,362,162,671,593,296,322,497,465,334,717,765,690,457,427,478,341,109,72,335,95,94,76,167,550,286,488,732,522,335,290,433,368,184,87,516,272,224,132,449,463,266,544,691,710,597,420,620,549,202,111,534,621,541,546,850,869,510,809,999
3,890,603,580,755,800,368,165,672,598,299,327,504,474,336,720,765,697,458,433,481,347,106,73,337,96,96,76,170,552,284,488,734,531,338,294,436,372,185,90,515,279,223,132,451,465,268,545,697,712,606,421,623,549,205,110,534,624,544,549,851,871,510,815,997
3,881,590,573,739,791,354,162,662,590,291,318,493,463,328,706,747,684,449,425,469,337,106,70,330,94,95,75,167,542,283,482,717,518,336,286,427,365,183,87,508,270,220,132,439,454,265,542,678,701,594,407,609,533,201,111,524,613,537,536,839,852,493,795,971
3,849,574,556,719,761,344,148,643,570,277,303,474,434,320,695,730,668,432,401,452,325,105,68,315,87,84,74,154,522,266,462,698,502,314,275,421,345,168,83,481,256,213,124,434,437,257,516,667,680,575,390,590,522,196,100,509,600,503,526,814,840,484,770,956
3,842,550,553,704,747,335,148,612,562,273,298,461,441,300,666,712,652,419,401,434,323,103,61,304,82,89,72,152,497,267,446,663,494,312,267,407,342,168,83,472,253,211,125,403,423,237,499,629,660,559,375,570,493,185,102,485,583,492,497,776,807,463,735,887
3,887,598,575,755,798,366,163,668,598,296,326,496,474,335,716,766,693,459,432,478,346,108,73,333,95,96,76,170,546,282,487,730,527,337,292,436,371,184,90,511,276,223,132,445,461,268,540,688,707,601,417,622,548,203,111,532,622,541,541,846,869,509,807,992
3,851,566,559,721,774,345,156,635,577,284,306,478,451,313,692,724,664,439,409,460,326,103,68,319,88,90,71,164,519,274,466,690,503,324,282,417,355,178,83,489,263,214,123,418,444,253,517,661,681,581,398,586,517,192,106,504,598,515,517,814,832,475,769,930
3,834,566,553,702,756,347,158,642,566,281,311,476,447,304,668,718,654,433,409,444,324,98,68,322,93,87,76,160,518,270,460,696,498,323,279,411,351,179,87,485,258,215,127,428,436,242,515,666,669,581,392,581,509,190,103,495,593,520,513,798,822,480,781,954
3,850,576,564,721,775,349,159,651,576,283,314,484,455,312,686,734,667,441,414,456,329,103,68,326,94,91,76,160,523,269,467,706,511,326,283,419,357,181,87,488,267,218,129,434,441,255,524,676,681,590,396,591,518,194,107,502,601,522,528,818,840,485,792,967
3,868,578,559,734,772,354,154,647,577,284,312,481,456,323,697,739,679,440,415,466,340,104,67,317,87,90,72,160,526,273,468,704,513,325,280,417,357,175,84,493,264,218,127,421,444,253,517,664,679,585,402,598,531,196,103,511,606,514,521,817,842,492,774,943
3,888,598,575,754,797,364,165,671,595,297,326,498,474,336,718,764,692,458,431,480,344,107,73,336,96,96,76,171,547,283,488,732,527,338,292,434,371,186,89,513,276,223,132,449,465,268,542,691,707,603,418,624,550,203,112,530,623,543,545,848,867,508,811,994
3,820,552,540,690,747,337,151,615,551,273,295,457,429,301,669,692,643,425,388,443,319,98,65,301,88,88,67,155,500,257,436,655,481,311,272,399,340,167,80,458,253,200,119,405,431,240,499,625,658,560,376,561,494,181,102,473,571,484,497,779,794,453,728,872
3,882,594,573,753,794,362,160,659,593,292,320,494,475,330,713,760,692,451,428,474,345,106,74,330,93,95,74,170,542,281,481,723,523,334,289,431,367,184,88,510,274,222,130,438,456,267,536,682,704,595,411,620,540,203,109,526,620,538,538,840,863,500,804,984
3,873,589,572,742,793,358,163,661,590,295,318,494,467,327,711,754,684,454,427,475,341,106,71,331,93,96,75,170,544,279,480,717,518,334,287,429,366,185,88,509,270,221,129,442,458,265,535,686,701,598,412,613,540,202,111,520,615,536,538,838,858,501,800,984
3,890,600,577,756,798,367,165,670,598,296,326,504,476,337,719,764,693,458,433,480,347,107,73,336,96,96,75,171,548,284,488,732,530,338,295,435,370,185,90,514,278,223,131,449,463,268,545,696,708,604,419,625,550,205,110,532,625,544,548,848,871,508,813,1000
3,885,588,574,749,788,359,164,652,591,290,320,494,471,327,710,751,682,453,424,473,339,107,72,330,95,95,74,168,532,281,479,717,524,333,290,429,366,183,88,505,273,222,128,437,450,262,535,682,703,589,408,608,539,200,108,523,615,535,536,832,855,499,794,976
3,887,598,576,754,797,367,165,671,597,299,325,499,475,335,718,762,692,460,432,480,347,107,72,336,96,96,75,169,547,285,486,733,528,339,293,433,372,186,89,513,276,223,131,447,463,266,545,693,708,603,419,623,549,204,110,531,623,542,545,851,869,508,812,995
3,886,595,576,752,787,363,160,661,591,291,321,494,471,331,714,757,690,450,422,476,346,110,69,331,91,95,74,164,542,283,478,724,527,334,287,432,362,181,88,505,275,220,130,437,454,263,537,687,707,593,413,613,543,201,107,530,621,530,538,844,860,505,803,982
3,888,597,576,752,789,366,161,663,591,291,319,499,471,328,713,759,693,451,423,476,347,110,69,332,92,95,75,166,544,281,480,724,527,336,288,430,365,181,90,505,275,221,131,437,455,263,540,686,706,596,414,614,542,201,108,528,623,534,538,842,860,506,804,983
3,856,563,555,709,752,340,152,625,565,279,298,466,443,311,672,711,660,421,400,444,324,102,65,309,87,87,71,158,507,268,449,672,499,320,271,412,343,168,84,474,258,208,122,408,429,245,506,633,668,563,384,571,508,191,103,488,593,494,504,783,804,465,746,898
3,889,602,579,754,799,368,164,672,599,298,326,505,475,338,719,767,695,459,435,480,347,108,73,337,95,96,76,171,552,284,488,733,530,338,295,437,372,185,90,514,279,223,132,450,465,269,547,695,711,604,420,627,551,205,111,534,626,544,549,850,871,510,815,997
3,870,585,569,725,790,355,160,654,581,287,316,490,465,319,704,735,680,445,420,468,334,106,69,326,90,92,74,168,535,274,473,704,508,334,279,423,361,179,86,500,266,220,130,438,457,261,532,677,692,595,407,609,529,196,109,506,606,527,534,829,844,484,786,954
3,887,596,576,755,797,366,165,667,596,296,324,504,476,335,718,761,692,456,431,480,346,106,73,336,96,96,76,171,548,284,484,730,526,338,294,434,369,185,90,511,276,222,131,448,464,269,544,693,707,605,420,621,549,205,111,531,623,541,545,847,868,508,809,993
3,834,549,547,700,735,329,146,611,555,275,296,462,436,305,661,700,645,412,398,429,321,102,62,302,82,88,71,153,500,264,439,663,489,308,270,405,334,170,83,468,258,208,123,400,420,239,490,629,662,550,374,568,494,186,103,486,577,483,498,767,799,461,733,892
3,883,595,576,753,796,366,165,667,596,296,322,504,476,332,719,760,689,457,431,479,345,106,73,336,96,95,77,170,548,283,485,729,526,339,294,432,369,185,89,511,275,222,130,448,463,269,542,693,707,603,418,624,547,204,111,531,623,541,545,846,868,509,807,992
3,885,592,576,750,795,361,164,665,591,296,324,501,471,331,716,760,688,457,431,478,343,104,71,333,94,96,75,169,544,283,486,725,526,337,291,431,369,184,89,513,278,222,132,445,459,267,542,691,703,599,414,621,547,202,110,526,621,541,545,845,863,504,808,984
3,882,591,573,747,793,363,163,667,593,294,319,497,473,332,716,756,688,457,423,480,343,106,72,332,93,96,75,170,545,281,482,724,520,336,291,431,367,183,88,510,271,221,130,443,461,266,538,688,703,602,417,618,546,202,111,524,620,537,540,843,862,504,803,987
3,854,575,563,722,753,354,152,630,573,279,311,477,443,316,687,727,664,424,406,450,334,110,66,317,89,92,72,154,519,273,461,687,516,320,284,417,348,172,84,482,270,209,124,420,439,245,516,657,680,568,389,584,509,193,104,509,605,506,515,803,822,484,765,923
3,881,587,573,743,792,358,164,658,588,293,317,492,466,328,711,752,685,452,422,475,340,108,70,330,93,96,75,169,541,278,479,714,519,336,285,429,366,184,87,505,272,220,132,438,458,264,537,680,699,597,411,610,536,200,112,518,616,533,537,839,855,496,796,974
3,869,584,566,736,786,357,162,659,587,289,313,493,465,326,707,739,679,445,419,469,333,105,72,326,93,94,75,167,539,277,476,708,512,335,288,428,365,180,86,500,268,219,128,436,459,260,534,674,693,600,410,606,530,197,109,514,615,530,533,831,848,486,790,960
3,890,600,580,754,796,367,164,671,598,299,325,501,475,334,718,765,694,458,431,479,346,108,73,335,95,95,77,170,547,283,487,733,529,338,295,436,372,185,89,513,279,223,133,447,462,267,542,692,711,602,417,623,548,203,111,531,625,542,546,845,869,509,811,994
3,862,576,563,723,765,346,157,635,572,283,305,476,458,309,688,728,669,432,405,453,328,103,66,319,89,90,74,161,520,271,457,684,511,324,277,418,352,176,86,481,262,214,123,418,434,249,516,648,682,569,392,588,513,192,105,495,606,507,515,797,821,475,765,933
3,889,599,578,756,794,366,164,663,596,297,321,500,476,335,716,763,693,458,429,479,347,108,73,334,95,95,77,170,543,283,484,728,529,337,291,434,371,185,89,511,277,223,133,443,460,267,540,689,711,594,416,620,547,204,111,531,622,541,544,843,863,507,811,986
3,889,593,578,750,791,363,164,657,591,293,322,498,474,329,709,754,689,455,426,475,343,106,72,330,95,95,75,168,536,280,480,721,526,336,289,431,367,182,87,506,276,222,131,437,453,263,536,687,706,590,413,609,544,202,109,522,619,531,538,839,855,504,803,975
3,884,600,577,751,786,364,162,668,597,293,318,502,469,332,717,755,689,455,423,472,343,109,73,334,95,92,77,168,547,285,483,721,527,327,294,435,366,184,89,502,270,223,130,443,463,269,542,692,712,598,415,615,544,202,108,533,621,533,541,853,862,501,805,990
